id,rid,dept,position,profile,work,photo
0,0001000,计算机学院,副教授,本科毕业于明尼苏达州立大学，研究生毕业于清华大学，博士毕业于卡内基-梅隆大学,浅析 xxx，xxx 刍议，xxx 在 xxx 中起到了重大作用，论 xxx，xxx faclitate xxx in xxx，浅析 xxx，xxx 在 xxx 中的应用，xxx 在 xxx 中的应用，,
1,0101001,教育学院,副教授,本科毕业于加州大学伯克利分校，研究生毕业于武汉大学，博士毕业于中山大学,论 xxx，xxx faclitate xxx in xxx，论 xxx，基于 xxx 的 xxx，基于 xxx 的 xxx，xxx improves xxx when xxx is on，xxx 刍议，浅析 xxx，,
2,0201002,文学院,副教授,本科毕业于北京交通大学，研究生毕业于北京航空航天大学，博士毕业于中国人民大学,xxx 刍议，基于 xxx 的 xxx，xxx faclitate xxx in xxx，xxx 应用刍议，xxx 在 xxx 中起到了重大作用，浅析 xxx，基于 xxx 的 xxx，xxx 刍议，xxx faclitate xxx in xxx，xxx 在 xxx 中的应用，,
3,0301003,数学学院,副教授,本科毕业于北京师范大学，研究生毕业于国防科技大学，博士毕业于明尼苏达州立大学,基于 xxx 的 xxx，xxx 刍议，xxx improves xxx when xxx is on，xxx 应用刍议，xxx 应用刍议，浅析 xxx，xxx improves xxx when xxx is on，xxx 在 xxx 中的应用，,
4,0401004,物理学院,讲师,本科毕业于华东师范大学，研究生毕业于清华大学，博士毕业于华中科技大学,xxx 在 xxx 中起到了重大作用，xxx improves xxx when xxx is on，xxx 应用刍议，论 xxx，xxx 在 xxx 中的应用，,
5,0501005,化学院,讲师,本科毕业于卡内基-梅隆大学，研究生毕业于复旦大学，博士毕业于卡内基-梅隆大学,xxx 刍议，xxx improves xxx when xxx is on，xxx 在 xxx 中起到了重大作用，基于 xxx 的 xxx，基于 xxx 的 xxx，xxx 应用刍议，基于 xxx 的 xxx，xxx improves xxx when xxx is on，xxx faclitate xxx in xxx，xxx 在 xxx 中起到了重大作用，,
6,0001006,计算机学院,讲师,本科毕业于清华大学，研究生毕业于复旦大学，博士毕业于哈佛大学,xxx 刍议，xxx 在 xxx 中的应用，xxx 应用刍议，xxx faclitate xxx in xxx，基于 xxx 的 xxx，xxx 刍议，浅析 xxx，xxx 在 xxx 中起到了重大作用，浅析 xxx，,
7,0101007,教育学院,副教授,本科毕业于国防科技大学，研究生毕业于北京大学，博士毕业于苏州大学,论 xxx，xxx 在 xxx 中的应用，xxx 刍议，浅析 xxx，xxx 在 xxx 中的应用，xxx 刍议，xxx 在 xxx 中的应用，浅析 xxx，xxx improves xxx when xxx is on，基于 xxx 的 xxx，,
8,0201008,文学院,副教授,本科毕业于北京理工大学，研究生毕业于北京理工大学，博士毕业于华中师范大学,xxx 应用刍议，基于 xxx 的 xxx，xxx 在 xxx 中的应用，论 xxx，xxx 应用刍议，xxx 应用刍议，,
9,0301009,数学学院,教授,本科毕业于清华大学，研究生毕业于北京航空航天大学，博士毕业于东南大学,基于 xxx 的 xxx，浅析 xxx，xxx 应用刍议，基于 xxx 的 xxx，xxx faclitate xxx in xxx，论 xxx，基于 xxx 的 xxx，,
10,0401010,物理学院,教授,本科毕业于加州大学圣迭戈分校，研究生毕业于牛津大学，博士毕业于哈佛大学,论 xxx，xxx 在 xxx 中起到了重大作用，xxx 在 xxx 中的应用，xxx 刍议，基于 xxx 的 xxx，浅析 xxx，,
11,0501011,化学院,教授,本科毕业于北京理工大学，研究生毕业于哈佛大学，博士毕业于加州大学圣迭戈分校,xxx improves xxx when xxx is on，xxx 在 xxx 中起到了重大作用，xxx improves xxx when xxx is on，浅析 xxx，基于 xxx 的 xxx，xxx 在 xxx 中的应用，xxx faclitate xxx in xxx，,
12,0001012,计算机学院,教授,本科毕业于清华大学，研究生毕业于华中师范大学，博士毕业于加州大学伯克利分校,浅析 xxx，xxx 在 xxx 中的应用，xxx improves xxx when xxx is on，基于 xxx 的 xxx，xxx 应用刍议，xxx 刍议，,
13,0101013,教育学院,副教授,本科毕业于上海交通大学，研究生毕业于东南大学，博士毕业于纽约大学,xxx 在 xxx 中起到了重大作用，xxx faclitate xxx in xxx，xxx improves xxx when xxx is on，xxx 应用刍议，基于 xxx 的 xxx，xxx 应用刍议，论 xxx，xxx 在 xxx 中的应用，,
14,0201014,文学院,教授,本科毕业于卡内基-梅隆大学，研究生毕业于斯坦福大学，博士毕业于北京交通大学,论 xxx，xxx 在 xxx 中起到了重大作用，xxx improves xxx when xxx is on，xxx 在 xxx 中起到了重大作用，xxx 在 xxx 中起到了重大作用，论 xxx，浅析 xxx，xxx 在 xxx 中起到了重大作用，xxx 刍议，,
15,0301015,数学学院,讲师,本科毕业于明尼苏达州立大学，研究生毕业于同济大学，博士毕业于复旦大学,xxx 在 xxx 中起到了重大作用，xxx 刍议，xxx 在 xxx 中起到了重大作用，论 xxx，浅析 xxx，,
16,0401016,物理学院,讲师,本科毕业于卡内基-梅隆大学，研究生毕业于东南大学，博士毕业于中山大学,xxx improves xxx when xxx is on，基于 xxx 的 xxx，xxx 在 xxx 中起到了重大作用，xxx 刍议，xxx 应用刍议，xxx 在 xxx 中的应用，xxx 在 xxx 中的应用，xxx faclitate xxx in xxx，xxx faclitate xxx in xxx，xxx improves xxx when xxx is on，,
17,0501017,化学院,副教授,本科毕业于华中科技大学，研究生毕业于哈佛大学，博士毕业于华南理工大学,xxx 应用刍议，xxx faclitate xxx in xxx，xxx improves xxx when xxx is on，xxx improves xxx when xxx is on，xxx 刍议，,
18,0001018,计算机学院,副教授,本科毕业于华南理工大学，研究生毕业于卡内基-梅隆大学，博士毕业于上海交通大学,xxx 应用刍议，xxx 应用刍议，xxx 在 xxx 中的应用，xxx 在 xxx 中起到了重大作用，浅析 xxx，,
19,0101019,教育学院,讲师,本科毕业于北京大学，研究生毕业于北京航空航天大学，博士毕业于北京大学,基于 xxx 的 xxx，xxx 在 xxx 中的应用，xxx 刍议，xxx 在 xxx 中起到了重大作用，xxx faclitate xxx in xxx，xxx 刍议，,
20,0201020,文学院,教授,本科毕业于北京大学，研究生毕业于加州大学圣迭戈分校，博士毕业于同济大学,基于 xxx 的 xxx，xxx 刍议，浅析 xxx，xxx 在 xxx 中的应用，xxx improves xxx when xxx is on，xxx 在 xxx 中起到了重大作用，xxx 应用刍议，,
21,0301021,数学学院,教授,本科毕业于斯坦福大学，研究生毕业于华中师范大学，博士毕业于苏州大学,论 xxx，论 xxx，xxx 应用刍议，xxx 在 xxx 中起到了重大作用，xxx 在 xxx 中的应用，论 xxx，xxx improves xxx when xxx is on，基于 xxx 的 xxx，,
22,0401022,物理学院,讲师,本科毕业于加州大学圣迭戈分校，研究生毕业于北京交通大学，博士毕业于上海交通大学,xxx improves xxx when xxx is on，xxx 在 xxx 中起到了重大作用，xxx 应用刍议，xxx 刍议，xxx 应用刍议，xxx 在 xxx 中起到了重大作用，,
23,0501023,化学院,副教授,本科毕业于东南大学，研究生毕业于北京理工大学，博士毕业于纽约大学,xxx faclitate xxx in xxx，xxx faclitate xxx in xxx，xxx improves xxx when xxx is on，浅析 xxx，xxx 应用刍议，xxx 在 xxx 中的应用，浅析 xxx，xxx 在 xxx 中的应用，,
24,0001024,计算机学院,副教授,本科毕业于华南师范大学，研究生毕业于同济大学，博士毕业于剑桥大学,xxx improves xxx when xxx is on，论 xxx，xxx 在 xxx 中起到了重大作用，浅析 xxx，xxx 在 xxx 中起到了重大作用，浅析 xxx，论 xxx，基于 xxx 的 xxx，论 xxx，,
25,0101025,教育学院,讲师,本科毕业于华南师范大学，研究生毕业于东南大学，博士毕业于北京理工大学,xxx 在 xxx 中的应用，xxx 刍议，xxx 刍议，论 xxx，xxx 在 xxx 中的应用，xxx 应用刍议，,
26,0201026,文学院,副教授,本科毕业于同济大学，研究生毕业于中山大学，博士毕业于华南理工大学,xxx 在 xxx 中起到了重大作用，xxx 应用刍议，论 xxx，基于 xxx 的 xxx，xxx 应用刍议，xxx 应用刍议，xxx 在 xxx 中的应用，浅析 xxx，xxx 在 xxx 中的应用，,
27,0301027,数学学院,讲师,本科毕业于北京理工大学，研究生毕业于东南大学，博士毕业于哈佛大学,浅析 xxx，xxx 刍议，xxx 在 xxx 中的应用，xxx 在 xxx 中起到了重大作用，xxx improves xxx when xxx is on，xxx 在 xxx 中的应用，xxx 刍议，xxx 在 xxx 中起到了重大作用，xxx 刍议，论 xxx，,
28,0401028,物理学院,讲师,本科毕业于哈佛大学，研究生毕业于东南大学，博士毕业于加州大学圣迭戈分校,xxx 在 xxx 中的应用，xxx 在 xxx 中的应用，xxx 在 xxx 中起到了重大作用，论 xxx，xxx 应用刍议，,
29,0501029,化学院,教授,本科毕业于北京航空航天大学，研究生毕业于华南师范大学，博士毕业于牛津大学,xxx 在 xxx 中的应用，论 xxx，xxx 应用刍议，xxx faclitate xxx in xxx，基于 xxx 的 xxx，xxx 刍议，xxx faclitate xxx in xxx，xxx 应用刍议，基于 xxx 的 xxx，,
30,0001030,计算机学院,讲师,本科毕业于斯坦福大学，研究生毕业于德州农工大学，博士毕业于北京化工大学,基于 xxx 的 xxx，xxx improves xxx when xxx is on，论 xxx，论 xxx，xxx 应用刍议，xxx faclitate xxx in xxx，xxx 在 xxx 中起到了重大作用，,
31,0101031,教育学院,讲师,本科毕业于上海交通大学，研究生毕业于华南师范大学，博士毕业于中国人民大学,xxx 刍议，xxx 在 xxx 中起到了重大作用，xxx 应用刍议，xxx 应用刍议，xxx 在 xxx 中起到了重大作用，xxx 在 xxx 中起到了重大作用，xxx improves xxx when xxx is on，xxx improves xxx when xxx is on，xxx improves xxx when xxx is on，,
32,0201032,文学院,讲师,本科毕业于加州大学伯克利分校，研究生毕业于牛津大学，博士毕业于剑桥大学,xxx 在 xxx 中起到了重大作用，xxx 刍议，xxx 在 xxx 中的应用，xxx improves xxx when xxx is on，xxx improves xxx when xxx is on，,
33,0301033,数学学院,讲师,本科毕业于斯坦福大学，研究生毕业于加州大学圣迭戈分校，博士毕业于苏州大学,xxx 在 xxx 中起到了重大作用，浅析 xxx，浅析 xxx，xxx 刍议，基于 xxx 的 xxx，xxx 应用刍议，,
34,0401034,物理学院,副教授,本科毕业于华南理工大学，研究生毕业于东南大学，博士毕业于华中师范大学,论 xxx，xxx faclitate xxx in xxx，xxx faclitate xxx in xxx，xxx 在 xxx 中的应用，xxx improves xxx when xxx is on，xxx 在 xxx 中起到了重大作用，论 xxx，xxx 在 xxx 中起到了重大作用，,
35,0501035,化学院,副教授,本科毕业于华中科技大学，研究生毕业于复旦大学，博士毕业于加州大学伯克利分校,xxx improves xxx when xxx is on，xxx 刍议，xxx 应用刍议，xxx 应用刍议，xxx improves xxx when xxx is on，论 xxx，,
36,0001036,计算机学院,教授,本科毕业于华南师范大学，研究生毕业于北京交通大学，博士毕业于苏州大学,xxx 在 xxx 中起到了重大作用，xxx improves xxx when xxx is on，浅析 xxx，基于 xxx 的 xxx，xxx 应用刍议，xxx faclitate xxx in xxx，浅析 xxx，xxx faclitate xxx in xxx，xxx 在 xxx 中的应用，,
37,0101037,教育学院,讲师,本科毕业于南京大学，研究生毕业于加州大学圣迭戈分校，博士毕业于华中科技大学,xxx 在 xxx 中的应用，基于 xxx 的 xxx，xxx 在 xxx 中的应用，论 xxx，xxx 在 xxx 中的应用，论 xxx，xxx 刍议，,
38,0201038,文学院,讲师,本科毕业于武汉大学，研究生毕业于加州大学伯克利分校，博士毕业于复旦大学,xxx 在 xxx 中起到了重大作用，浅析 xxx，xxx 刍议，浅析 xxx，xxx 在 xxx 中起到了重大作用，论 xxx，xxx 刍议，xxx 在 xxx 中的应用，xxx 应用刍议，,
39,0301039,数学学院,教授,本科毕业于东南大学，研究生毕业于剑桥大学，博士毕业于清华大学,浅析 xxx，xxx 应用刍议，基于 xxx 的 xxx，论 xxx，浅析 xxx，,
40,0401040,物理学院,讲师,本科毕业于加州大学伯克利分校，研究生毕业于苏州大学，博士毕业于东南大学,xxx faclitate xxx in xxx，xxx improves xxx when xxx is on，论 xxx，基于 xxx 的 xxx，基于 xxx 的 xxx，,
41,0501041,化学院,讲师,本科毕业于华东师范大学，研究生毕业于华南师范大学，博士毕业于北京化工大学,xxx improves xxx when xxx is on，论 xxx，基于 xxx 的 xxx，xxx improves xxx when xxx is on，xxx 刍议，论 xxx，xxx 在 xxx 中起到了重大作用，xxx 在 xxx 中的应用，,
42,0001042,计算机学院,副教授,本科毕业于加州大学伯克利分校，研究生毕业于国防科技大学，博士毕业于明尼苏达州立大学,xxx 刍议，xxx improves xxx when xxx is on，xxx 刍议，论 xxx，xxx 刍议，基于 xxx 的 xxx，xxx 在 xxx 中起到了重大作用，xxx 应用刍议，,
43,0101043,教育学院,讲师,本科毕业于加州大学圣迭戈分校，研究生毕业于清华大学，博士毕业于苏州大学,xxx 应用刍议，xxx improves xxx when xxx is on，浅析 xxx，xxx improves xxx when xxx is on，xxx faclitate xxx in xxx，xxx improves xxx when xxx is on，,
44,0201044,文学院,教授,本科毕业于加州大学圣迭戈分校，研究生毕业于明尼苏达州立大学，博士毕业于上海交通大学,xxx faclitate xxx in xxx，xxx faclitate xxx in xxx，xxx 刍议，浅析 xxx，xxx faclitate xxx in xxx，xxx 刍议，xxx 在 xxx 中起到了重大作用，,
45,0301045,数学学院,副教授,本科毕业于剑桥大学，研究生毕业于上海交通大学，博士毕业于复旦大学,论 xxx，基于 xxx 的 xxx，xxx improves xxx when xxx is on，xxx 在 xxx 中的应用，xxx 在 xxx 中起到了重大作用，xxx 在 xxx 中起到了重大作用，xxx 刍议，,
46,0401046,物理学院,副教授,本科毕业于明尼苏达州立大学，研究生毕业于牛津大学，博士毕业于北京航空航天大学,xxx 在 xxx 中起到了重大作用，论 xxx，论 xxx，xxx 刍议，xxx faclitate xxx in xxx，xxx faclitate xxx in xxx，xxx faclitate xxx in xxx，xxx 在 xxx 中起到了重大作用，基于 xxx 的 xxx，xxx 在 xxx 中的应用，,
47,0501047,化学院,讲师,本科毕业于同济大学，研究生毕业于明尼苏达州立大学，博士毕业于华南理工大学,论 xxx，xxx 应用刍议，xxx 在 xxx 中起到了重大作用，xxx 刍议，论 xxx，论 xxx，xxx 在 xxx 中起到了重大作用，基于 xxx 的 xxx，xxx improves xxx when xxx is on，论 xxx，,
48,0001048,计算机学院,副教授,本科毕业于中国人民大学，研究生毕业于牛津大学，博士毕业于华南理工大学,论 xxx，浅析 xxx，xxx improves xxx when xxx is on，xxx faclitate xxx in xxx，xxx 在 xxx 中起到了重大作用，论 xxx，,
49,0101049,教育学院,教授,本科毕业于北京航空航天大学，研究生毕业于上海交通大学，博士毕业于东南大学,浅析 xxx，论 xxx，xxx 在 xxx 中的应用，xxx improves xxx when xxx is on，论 xxx，xxx 应用刍议，xxx 应用刍议，xxx improves xxx when xxx is on，论 xxx，,
50,0201050,文学院,讲师,本科毕业于同济大学，研究生毕业于南京大学，博士毕业于华南师范大学,xxx faclitate xxx in xxx，xxx 应用刍议，xxx faclitate xxx in xxx，xxx 在 xxx 中的应用，xxx 应用刍议，xxx 在 xxx 中的应用，,
51,0301051,数学学院,讲师,本科毕业于清华大学，研究生毕业于斯坦福大学，博士毕业于华中师范大学,xxx 在 xxx 中的应用，xxx improves xxx when xxx is on，论 xxx，论 xxx，论 xxx，xxx 在 xxx 中的应用，xxx faclitate xxx in xxx，xxx improves xxx when xxx is on，xxx 在 xxx 中的应用，xxx 在 xxx 中的应用，,
52,0401052,物理学院,副教授,本科毕业于明尼苏达州立大学，研究生毕业于北京大学，博士毕业于复旦大学,xxx 刍议，基于 xxx 的 xxx，xxx 应用刍议，基于 xxx 的 xxx，xxx 应用刍议，xxx 应用刍议，,
53,0501053,化学院,副教授,本科毕业于北京理工大学，研究生毕业于华中科技大学，博士毕业于北京交通大学,xxx 在 xxx 中起到了重大作用，论 xxx，xxx 在 xxx 中的应用，论 xxx，基于 xxx 的 xxx，xxx 应用刍议，xxx improves xxx when xxx is on，xxx 应用刍议，xxx 在 xxx 中的应用，xxx 应用刍议，,
54,0001054,计算机学院,教授,本科毕业于北京化工大学，研究生毕业于北京理工大学，博士毕业于国防科技大学,论 xxx，xxx 刍议，xxx 应用刍议，xxx 刍议，xxx 在 xxx 中起到了重大作用，xxx 在 xxx 中的应用，xxx 在 xxx 中起到了重大作用，xxx 刍议，xxx 在 xxx 中起到了重大作用，xxx 在 xxx 中起到了重大作用，,
55,0101055,教育学院,讲师,本科毕业于牛津大学，研究生毕业于北京理工大学，博士毕业于北京大学,xxx improves xxx when xxx is on，xxx 刍议，xxx 刍议，xxx 刍议，基于 xxx 的 xxx，基于 xxx 的 xxx，xxx 应用刍议，论 xxx，xxx improves xxx when xxx is on，,
56,0201056,文学院,讲师,本科毕业于国防科技大学，研究生毕业于北京理工大学，博士毕业于德州农工大学,基于 xxx 的 xxx，xxx faclitate xxx in xxx，基于 xxx 的 xxx，基于 xxx 的 xxx，xxx faclitate xxx in xxx，,
57,0301057,数学学院,副教授,本科毕业于武汉大学，研究生毕业于清华大学，博士毕业于加州大学圣迭戈分校,xxx improves xxx when xxx is on，xxx 应用刍议，xxx faclitate xxx in xxx，xxx 在 xxx 中起到了重大作用，xxx 在 xxx 中的应用，xxx faclitate xxx in xxx，xxx improves xxx when xxx is on，xxx 在 xxx 中的应用，,
58,0401058,物理学院,副教授,本科毕业于加州大学圣迭戈分校，研究生毕业于华中科技大学，博士毕业于南京大学,浅析 xxx，xxx 在 xxx 中的应用，xxx improves xxx when xxx is on，xxx 在 xxx 中起到了重大作用，xxx improves xxx when xxx is on，基于 xxx 的 xxx，xxx 应用刍议，xxx 在 xxx 中的应用，浅析 xxx，,
59,0501059,化学院,教授,本科毕业于北京交通大学，研究生毕业于卡内基-梅隆大学，博士毕业于中山大学,xxx faclitate xxx in xxx，基于 xxx 的 xxx，xxx 在 xxx 中起到了重大作用，浅析 xxx，xxx 应用刍议，xxx 刍议，xxx faclitate xxx in xxx，,
60,0001060,计算机学院,副教授,本科毕业于哈佛大学，研究生毕业于中国人民大学，博士毕业于国防科技大学,xxx improves xxx when xxx is on，xxx 刍议，xxx 刍议，xxx 在 xxx 中的应用，基于 xxx 的 xxx，xxx 应用刍议，xxx improves xxx when xxx is on，xxx 在 xxx 中的应用，论 xxx，基于 xxx 的 xxx，,
61,0101061,教育学院,副教授,本科毕业于牛津大学，研究生毕业于上海交通大学，博士毕业于华东师范大学,xxx 在 xxx 中起到了重大作用，基于 xxx 的 xxx，基于 xxx 的 xxx，基于 xxx 的 xxx，xxx faclitate xxx in xxx，xxx 刍议，论 xxx，基于 xxx 的 xxx，基于 xxx 的 xxx，,
62,0201062,文学院,教授,本科毕业于中国人民大学，研究生毕业于南京大学，博士毕业于复旦大学,xxx improves xxx when xxx is on，xxx 刍议，xxx 应用刍议，论 xxx，浅析 xxx，论 xxx，,
63,0301063,数学学院,讲师,本科毕业于北京师范大学，研究生毕业于复旦大学，博士毕业于斯坦福大学,xxx 应用刍议，xxx 刍议，xxx improves xxx when xxx is on，xxx 在 xxx 中起到了重大作用，基于 xxx 的 xxx，xxx 刍议，,
64,0401064,物理学院,讲师,本科毕业于南京大学，研究生毕业于华南师范大学，博士毕业于中国人民大学,xxx improves xxx when xxx is on，基于 xxx 的 xxx，xxx improves xxx when xxx is on，xxx 在 xxx 中起到了重大作用，论 xxx，,
65,0501065,化学院,教授,本科毕业于哈佛大学，研究生毕业于上海交通大学，博士毕业于清华大学,xxx 刍议，xxx 应用刍议，xxx improves xxx when xxx is on，xxx improves xxx when xxx is on，xxx 在 xxx 中起到了重大作用，xxx 在 xxx 中起到了重大作用，xxx 在 xxx 中的应用，xxx 刍议，基于 xxx 的 xxx，,
66,0001066,计算机学院,教授,本科毕业于苏州大学，研究生毕业于加州大学伯克利分校，博士毕业于中国人民大学,xxx 在 xxx 中的应用，xxx faclitate xxx in xxx，浅析 xxx，xxx improves xxx when xxx is on，xxx faclitate xxx in xxx，xxx 在 xxx 中的应用，基于 xxx 的 xxx，xxx 应用刍议，,
67,0101067,教育学院,讲师,本科毕业于北京大学，研究生毕业于清华大学，博士毕业于北京理工大学,xxx improves xxx when xxx is on，xxx 在 xxx 中的应用，xxx 应用刍议，论 xxx，xxx 在 xxx 中起到了重大作用，浅析 xxx，xxx 刍议，,
68,0201068,文学院,副教授,本科毕业于北京大学，研究生毕业于剑桥大学，博士毕业于北京大学,xxx improves xxx when xxx is on，基于 xxx 的 xxx，基于 xxx 的 xxx，xxx 在 xxx 中起到了重大作用，xxx 应用刍议，,
69,0301069,数学学院,教授,本科毕业于北京大学，研究生毕业于东南大学，博士毕业于华南理工大学,xxx 应用刍议，xxx improves xxx when xxx is on，xxx faclitate xxx in xxx，论 xxx，xxx 在 xxx 中起到了重大作用，xxx 应用刍议，,
70,0401070,物理学院,副教授,本科毕业于国防科技大学，研究生毕业于北京航空航天大学，博士毕业于苏州大学,xxx 应用刍议，xxx 在 xxx 中起到了重大作用，浅析 xxx，xxx 在 xxx 中的应用，xxx 应用刍议，,
71,0501071,化学院,副教授,本科毕业于国防科技大学，研究生毕业于牛津大学，博士毕业于北京大学,xxx improves xxx when xxx is on，论 xxx，xxx improves xxx when xxx is on，xxx faclitate xxx in xxx，xxx 在 xxx 中的应用，xxx 在 xxx 中的应用，xxx 在 xxx 中的应用，浅析 xxx，,
72,0001072,计算机学院,讲师,本科毕业于加州大学圣迭戈分校，研究生毕业于苏州大学，博士毕业于北京化工大学,xxx improves xxx when xxx is on，xxx faclitate xxx in xxx，xxx faclitate xxx in xxx，xxx improves xxx when xxx is on，xxx 刍议，xxx 应用刍议，,
73,0101073,教育学院,副教授,本科毕业于北京大学，研究生毕业于哈佛大学，博士毕业于国防科技大学,xxx faclitate xxx in xxx，浅析 xxx，xxx 在 xxx 中起到了重大作用，xxx 在 xxx 中起到了重大作用，xxx 刍议，论 xxx，xxx 刍议，xxx 在 xxx 中起到了重大作用，,
74,0201074,文学院,副教授,本科毕业于斯坦福大学，研究生毕业于上海交通大学，博士毕业于北京航空航天大学,xxx improves xxx when xxx is on，xxx improves xxx when xxx is on，xxx faclitate xxx in xxx，xxx improves xxx when xxx is on，基于 xxx 的 xxx，xxx 应用刍议，xxx 在 xxx 中起到了重大作用，xxx 在 xxx 中起到了重大作用，基于 xxx 的 xxx，xxx 刍议，,
75,0301075,数学学院,教授,本科毕业于苏州大学，研究生毕业于北京大学，博士毕业于南京大学,论 xxx，xxx 刍议，浅析 xxx，论 xxx，xxx 刍议，论 xxx，,
76,0401076,物理学院,教授,本科毕业于华南理工大学，研究生毕业于同济大学，博士毕业于北京理工大学,xxx 在 xxx 中的应用，xxx 应用刍议，浅析 xxx，xxx improves xxx when xxx is on，浅析 xxx，xxx improves xxx when xxx is on，论 xxx，基于 xxx 的 xxx，,
77,0501077,化学院,教授,本科毕业于苏州大学，研究生毕业于北京大学，博士毕业于加州大学伯克利分校,论 xxx，xxx 在 xxx 中起到了重大作用，xxx 应用刍议，xxx faclitate xxx in xxx，xxx 在 xxx 中起到了重大作用，xxx 应用刍议，,
78,0001078,计算机学院,讲师,本科毕业于北京航空航天大学，研究生毕业于华南师范大学，博士毕业于纽约大学,基于 xxx 的 xxx，xxx 在 xxx 中起到了重大作用，xxx 在 xxx 中起到了重大作用，xxx 在 xxx 中的应用，xxx 应用刍议，浅析 xxx，xxx 在 xxx 中的应用，基于 xxx 的 xxx，,
79,0101079,教育学院,讲师,本科毕业于上海交通大学，研究生毕业于北京大学，博士毕业于北京交通大学,论 xxx，xxx improves xxx when xxx is on，基于 xxx 的 xxx，xxx faclitate xxx in xxx，xxx improves xxx when xxx is on，论 xxx，xxx 在 xxx 中起到了重大作用，xxx 在 xxx 中的应用，,
80,0201080,文学院,教授,本科毕业于纽约大学，研究生毕业于剑桥大学，博士毕业于复旦大学,xxx 在 xxx 中起到了重大作用，xxx improves xxx when xxx is on，xxx 在 xxx 中起到了重大作用，xxx 在 xxx 中的应用，论 xxx，浅析 xxx，xxx 在 xxx 中起到了重大作用，xxx improves xxx when xxx is on，xxx 在 xxx 中的应用，基于 xxx 的 xxx，,
81,0301081,数学学院,副教授,本科毕业于北京大学，研究生毕业于北京理工大学，博士毕业于北京理工大学,xxx improves xxx when xxx is on，xxx 刍议，论 xxx，xxx 在 xxx 中起到了重大作用，xxx improves xxx when xxx is on，,
82,0401082,物理学院,副教授,本科毕业于明尼苏达州立大学，研究生毕业于北京交通大学，博士毕业于东南大学,论 xxx，浅析 xxx，xxx faclitate xxx in xxx，xxx improves xxx when xxx is on，基于 xxx 的 xxx，,
83,0501083,化学院,讲师,本科毕业于东南大学，研究生毕业于明尼苏达州立大学，博士毕业于同济大学,xxx 在 xxx 中的应用，论 xxx，xxx 应用刍议，xxx improves xxx when xxx is on，xxx 在 xxx 中的应用，浅析 xxx，xxx 在 xxx 中的应用，xxx 在 xxx 中的应用，xxx faclitate xxx in xxx，xxx improves xxx when xxx is on，,
84,0001084,计算机学院,教授,本科毕业于上海交通大学，研究生毕业于上海交通大学，博士毕业于东南大学,xxx 刍议，基于 xxx 的 xxx，xxx improves xxx when xxx is on，论 xxx，xxx 在 xxx 中的应用，,
85,0101085,教育学院,讲师,本科毕业于北京师范大学，研究生毕业于苏州大学，博士毕业于华东师范大学,基于 xxx 的 xxx，论 xxx，xxx 刍议，论 xxx，xxx 刍议，xxx 应用刍议，论 xxx，xxx improves xxx when xxx is on，基于 xxx 的 xxx，,
86,0201086,文学院,讲师,本科毕业于加州大学伯克利分校，研究生毕业于清华大学，博士毕业于明尼苏达州立大学,xxx 应用刍议，论 xxx，xxx 应用刍议，xxx 刍议，xxx 在 xxx 中起到了重大作用，浅析 xxx，xxx 在 xxx 中的应用，基于 xxx 的 xxx，xxx improves xxx when xxx is on，,
87,0301087,数学学院,教授,本科毕业于卡内基-梅隆大学，研究生毕业于华东师范大学，博士毕业于上海交通大学,xxx 应用刍议，xxx 刍议，论 xxx，xxx faclitate xxx in xxx，浅析 xxx，xxx improves xxx when xxx is on，基于 xxx 的 xxx，,
88,0401088,物理学院,副教授,本科毕业于南京大学，研究生毕业于华东师范大学，博士毕业于北京师范大学,xxx 刍议，xxx 在 xxx 中的应用，xxx faclitate xxx in xxx，xxx improves xxx when xxx is on，xxx 在 xxx 中起到了重大作用，xxx faclitate xxx in xxx，xxx faclitate xxx in xxx，xxx 应用刍议，xxx 在 xxx 中的应用，,
89,0501089,化学院,教授,本科毕业于华东师范大学，研究生毕业于国防科技大学，博士毕业于北京交通大学,xxx faclitate xxx in xxx，浅析 xxx，xxx 在 xxx 中起到了重大作用，论 xxx，xxx 应用刍议，,
90,0001090,计算机学院,讲师,本科毕业于北京师范大学，研究生毕业于武汉大学，博士毕业于同济大学,xxx 在 xxx 中的应用，论 xxx，xxx 在 xxx 中的应用，论 xxx，xxx faclitate xxx in xxx，xxx 在 xxx 中的应用，浅析 xxx，xxx improves xxx when xxx is on，,
91,0101091,教育学院,副教授,本科毕业于国防科技大学，研究生毕业于北京交通大学，博士毕业于清华大学,xxx 在 xxx 中的应用，xxx 在 xxx 中起到了重大作用，xxx 在 xxx 中的应用，xxx 应用刍议，浅析 xxx，论 xxx，浅析 xxx，xxx improves xxx when xxx is on，浅析 xxx，,
92,0201092,文学院,讲师,本科毕业于北京大学，研究生毕业于复旦大学，博士毕业于武汉大学,xxx 在 xxx 中的应用，基于 xxx 的 xxx，xxx 在 xxx 中的应用，xxx 刍议，xxx improves xxx when xxx is on，,
93,0301093,数学学院,讲师,本科毕业于北京航空航天大学，研究生毕业于清华大学，博士毕业于德州农工大学,xxx faclitate xxx in xxx，浅析 xxx，基于 xxx 的 xxx，xxx 在 xxx 中的应用，浅析 xxx，xxx improves xxx when xxx is on，xxx 在 xxx 中起到了重大作用，xxx 应用刍议，,
94,0401094,物理学院,教授,本科毕业于同济大学，研究生毕业于纽约大学，博士毕业于加州大学圣迭戈分校,浅析 xxx，xxx 在 xxx 中的应用，基于 xxx 的 xxx，xxx 在 xxx 中的应用，xxx 在 xxx 中的应用，,
95,0501095,化学院,副教授,本科毕业于加州大学伯克利分校，研究生毕业于华中师范大学，博士毕业于北京大学,基于 xxx 的 xxx，xxx faclitate xxx in xxx，xxx 应用刍议，xxx faclitate xxx in xxx，xxx 刍议，xxx improves xxx when xxx is on，,
96,0001096,计算机学院,副教授,本科毕业于卡内基-梅隆大学，研究生毕业于东南大学，博士毕业于加州大学圣迭戈分校,xxx improves xxx when xxx is on，xxx improves xxx when xxx is on，xxx 刍议，论 xxx，xxx improves xxx when xxx is on，,
97,0101097,教育学院,讲师,本科毕业于复旦大学，研究生毕业于加州大学圣迭戈分校，博士毕业于华南师范大学,xxx 刍议，xxx 刍议，xxx 在 xxx 中起到了重大作用，xxx faclitate xxx in xxx，xxx faclitate xxx in xxx，浅析 xxx，,
98,0201098,文学院,讲师,本科毕业于卡内基-梅隆大学，研究生毕业于斯坦福大学，博士毕业于中山大学,xxx faclitate xxx in xxx，基于 xxx 的 xxx，xxx 在 xxx 中的应用，xxx 刍议，xxx faclitate xxx in xxx，xxx faclitate xxx in xxx，浅析 xxx，,
99,0301099,数学学院,讲师,本科毕业于华南理工大学，研究生毕业于华东师范大学，博士毕业于明尼苏达州立大学,xxx faclitate xxx in xxx，浅析 xxx，基于 xxx 的 xxx，xxx faclitate xxx in xxx，xxx 刍议，,
100,0401100,物理学院,副教授,本科毕业于哈佛大学，研究生毕业于清华大学，博士毕业于加州大学伯克利分校,基于 xxx 的 xxx，xxx 在 xxx 中的应用，xxx 刍议，xxx 应用刍议，xxx 在 xxx 中起到了重大作用，基于 xxx 的 xxx，xxx 在 xxx 中起到了重大作用，,
101,0501101,化学院,教授,本科毕业于清华大学，研究生毕业于北京化工大学，博士毕业于武汉大学,浅析 xxx，xxx 在 xxx 中的应用，xxx 应用刍议，浅析 xxx，xxx faclitate xxx in xxx，xxx 在 xxx 中起到了重大作用，xxx 应用刍议，基于 xxx 的 xxx，,
102,0001102,计算机学院,副教授,本科毕业于加州大学圣迭戈分校，研究生毕业于苏州大学，博士毕业于北京化工大学,xxx improves xxx when xxx is on，xxx 在 xxx 中的应用，xxx faclitate xxx in xxx，xxx 刍议，浅析 xxx，浅析 xxx，论 xxx，,
103,0101103,教育学院,教授,本科毕业于华中科技大学，研究生毕业于卡内基-梅隆大学，博士毕业于北京交通大学,论 xxx，基于 xxx 的 xxx，论 xxx，xxx improves xxx when xxx is on，xxx faclitate xxx in xxx，xxx 在 xxx 中起到了重大作用，xxx 刍议，xxx 刍议，xxx 刍议，,
104,0201104,文学院,副教授,本科毕业于南京大学，研究生毕业于北京师范大学，博士毕业于同济大学,基于 xxx 的 xxx，xxx improves xxx when xxx is on，浅析 xxx，xxx improves xxx when xxx is on，浅析 xxx，xxx faclitate xxx in xxx，xxx 在 xxx 中的应用，浅析 xxx，,
105,0301105,数学学院,副教授,本科毕业于卡内基-梅隆大学，研究生毕业于北京师范大学，博士毕业于上海交通大学,浅析 xxx，浅析 xxx，基于 xxx 的 xxx，xxx 刍议，xxx 应用刍议，论 xxx，浅析 xxx，xxx 在 xxx 中的应用，xxx 在 xxx 中的应用，xxx 应用刍议，,
106,0401106,物理学院,讲师,本科毕业于北京师范大学，研究生毕业于北京化工大学，博士毕业于中山大学,xxx 刍议，xxx 刍议，浅析 xxx，论 xxx，基于 xxx 的 xxx，,
107,0501107,化学院,副教授,本科毕业于武汉大学，研究生毕业于南京大学，博士毕业于南京大学,xxx 应用刍议，xxx 应用刍议，xxx 应用刍议，论 xxx，xxx 刍议，xxx 刍议，,
108,0001108,计算机学院,副教授,本科毕业于北京大学，研究生毕业于斯坦福大学，博士毕业于北京大学,浅析 xxx，浅析 xxx，xxx 在 xxx 中起到了重大作用，基于 xxx 的 xxx，xxx faclitate xxx in xxx，xxx 在 xxx 中起到了重大作用，xxx 在 xxx 中的应用，浅析 xxx，xxx 应用刍议，xxx faclitate xxx in xxx，,
109,0101109,教育学院,讲师,本科毕业于华东师范大学，研究生毕业于北京航空航天大学，博士毕业于华东师范大学,浅析 xxx，xxx 在 xxx 中的应用，基于 xxx 的 xxx，xxx faclitate xxx in xxx，xxx improves xxx when xxx is on，xxx 应用刍议，xxx 刍议，浅析 xxx，xxx faclitate xxx in xxx，xxx 在 xxx 中起到了重大作用，,
110,0201110,文学院,教授,本科毕业于北京化工大学，研究生毕业于上海交通大学，博士毕业于东南大学,论 xxx，xxx 在 xxx 中的应用，xxx improves xxx when xxx is on，xxx faclitate xxx in xxx，论 xxx，xxx 在 xxx 中起到了重大作用，浅析 xxx，xxx faclitate xxx in xxx，基于 xxx 的 xxx，,
111,0301111,数学学院,教授,本科毕业于国防科技大学，研究生毕业于北京师范大学，博士毕业于牛津大学,xxx 在 xxx 中起到了重大作用，xxx 应用刍议，xxx 在 xxx 中的应用，浅析 xxx，xxx improves xxx when xxx is on，论 xxx，论 xxx，,
112,0401112,物理学院,教授,本科毕业于卡内基-梅隆大学，研究生毕业于卡内基-梅隆大学，博士毕业于同济大学,xxx 应用刍议，论 xxx，xxx 应用刍议，xxx faclitate xxx in xxx，基于 xxx 的 xxx，基于 xxx 的 xxx，xxx faclitate xxx in xxx，xxx improves xxx when xxx is on，xxx 在 xxx 中起到了重大作用，xxx 在 xxx 中起到了重大作用，,
113,0501113,化学院,讲师,本科毕业于纽约大学，研究生毕业于哈佛大学，博士毕业于剑桥大学,xxx improves xxx when xxx is on，xxx 刍议，xxx 刍议，xxx improves xxx when xxx is on，xxx 在 xxx 中的应用，,
114,0001114,计算机学院,副教授,本科毕业于明尼苏达州立大学，研究生毕业于武汉大学，博士毕业于剑桥大学,xxx 在 xxx 中的应用，xxx 在 xxx 中的应用，xxx improves xxx when xxx is on，xxx improves xxx when xxx is on，xxx 应用刍议，xxx 刍议，,
115,0101115,教育学院,讲师,本科毕业于东南大学，研究生毕业于加州大学伯克利分校，博士毕业于北京航空航天大学,xxx improves xxx when xxx is on，论 xxx，xxx 应用刍议，xxx 刍议，xxx improves xxx when xxx is on，xxx improves xxx when xxx is on，浅析 xxx，xxx 刍议，xxx improves xxx when xxx is on，xxx faclitate xxx in xxx，,
116,0201116,文学院,教授,本科毕业于北京交通大学，研究生毕业于北京交通大学，博士毕业于北京理工大学,xxx 在 xxx 中起到了重大作用，基于 xxx 的 xxx，xxx improves xxx when xxx is on，xxx 刍议，基于 xxx 的 xxx，xxx 在 xxx 中的应用，基于 xxx 的 xxx，,
117,0301117,数学学院,教授,本科毕业于武汉大学，研究生毕业于哈佛大学，博士毕业于加州大学圣迭戈分校,xxx faclitate xxx in xxx，xxx 在 xxx 中起到了重大作用，xxx improves xxx when xxx is on，xxx 应用刍议，xxx 在 xxx 中的应用，xxx 在 xxx 中的应用，xxx 在 xxx 中起到了重大作用，xxx improves xxx when xxx is on，xxx 刍议，,
118,0401118,物理学院,教授,本科毕业于武汉大学，研究生毕业于北京师范大学，博士毕业于华南理工大学,xxx improves xxx when xxx is on，xxx improves xxx when xxx is on，xxx 在 xxx 中起到了重大作用，xxx faclitate xxx in xxx，xxx 刍议，浅析 xxx，论 xxx，xxx improves xxx when xxx is on，基于 xxx 的 xxx，xxx 刍议，,
119,0501119,化学院,教授,本科毕业于华中师范大学，研究生毕业于北京理工大学，博士毕业于中国人民大学,基于 xxx 的 xxx，基于 xxx 的 xxx，xxx 应用刍议，xxx improves xxx when xxx is on，xxx improves xxx when xxx is on，xxx 在 xxx 中的应用，浅析 xxx，xxx 应用刍议，,
120,0001120,计算机学院,讲师,本科毕业于北京理工大学，研究生毕业于同济大学，博士毕业于同济大学,xxx faclitate xxx in xxx，xxx faclitate xxx in xxx，xxx faclitate xxx in xxx，论 xxx，xxx 刍议，xxx 在 xxx 中的应用，论 xxx，,
121,0101121,教育学院,教授,本科毕业于北京化工大学，研究生毕业于明尼苏达州立大学，博士毕业于北京师范大学,论 xxx，xxx 刍议，xxx 在 xxx 中起到了重大作用，xxx faclitate xxx in xxx，xxx 在 xxx 中起到了重大作用，论 xxx，xxx 刍议，xxx faclitate xxx in xxx，,
122,0201122,文学院,副教授,本科毕业于华东师范大学，研究生毕业于清华大学，博士毕业于华中师范大学,xxx improves xxx when xxx is on，xxx faclitate xxx in xxx，基于 xxx 的 xxx，xxx 应用刍议，xxx 刍议，基于 xxx 的 xxx，xxx 在 xxx 中起到了重大作用，xxx 在 xxx 中的应用，,
123,0301123,数学学院,讲师,本科毕业于北京师范大学，研究生毕业于复旦大学，博士毕业于华南师范大学,xxx improves xxx when xxx is on，xxx 应用刍议，xxx faclitate xxx in xxx，xxx improves xxx when xxx is on，xxx 刍议，xxx improves xxx when xxx is on，xxx 在 xxx 中的应用，xxx faclitate xxx in xxx，xxx improves xxx when xxx is on，,
124,0401124,物理学院,讲师,本科毕业于牛津大学，研究生毕业于华东师范大学，博士毕业于牛津大学,论 xxx，xxx improves xxx when xxx is on，xxx 在 xxx 中的应用，xxx 刍议，xxx 应用刍议，xxx 应用刍议，xxx 刍议，基于 xxx 的 xxx，,
125,0501125,化学院,讲师,本科毕业于北京师范大学，研究生毕业于北京师范大学，博士毕业于复旦大学,xxx faclitate xxx in xxx，基于 xxx 的 xxx，xxx 应用刍议，xxx 刍议，基于 xxx 的 xxx，论 xxx，xxx 应用刍议，xxx improves xxx when xxx is on，xxx improves xxx when xxx is on，,
126,0001126,计算机学院,讲师,本科毕业于武汉大学，研究生毕业于南京大学，博士毕业于卡内基-梅隆大学,xxx 刍议，论 xxx，xxx 应用刍议，xxx improves xxx when xxx is on，基于 xxx 的 xxx，,
127,0101127,教育学院,讲师,本科毕业于北京师范大学，研究生毕业于华中科技大学，博士毕业于苏州大学,浅析 xxx，xxx faclitate xxx in xxx，论 xxx，xxx 在 xxx 中的应用，浅析 xxx，xxx 在 xxx 中起到了重大作用，论 xxx，xxx 应用刍议，xxx 刍议，,
128,0201128,文学院,教授,本科毕业于加州大学圣迭戈分校，研究生毕业于华中科技大学，博士毕业于东南大学,xxx 刍议，xxx improves xxx when xxx is on，xxx improves xxx when xxx is on，基于 xxx 的 xxx，xxx faclitate xxx in xxx，基于 xxx 的 xxx，xxx 在 xxx 中起到了重大作用，论 xxx，,
129,0301129,数学学院,讲师,本科毕业于北京化工大学，研究生毕业于哈佛大学，博士毕业于纽约大学,xxx improves xxx when xxx is on，xxx 应用刍议，xxx 刍议，xxx 在 xxx 中的应用，xxx 应用刍议，xxx 应用刍议，xxx 在 xxx 中起到了重大作用，基于 xxx 的 xxx，浅析 xxx，xxx faclitate xxx in xxx，,
130,0401130,物理学院,教授,本科毕业于卡内基-梅隆大学，研究生毕业于德州农工大学，博士毕业于北京航空航天大学,基于 xxx 的 xxx，论 xxx，浅析 xxx，论 xxx，浅析 xxx，浅析 xxx，浅析 xxx，xxx faclitate xxx in xxx，,
131,0501131,化学院,副教授,本科毕业于纽约大学，研究生毕业于斯坦福大学，博士毕业于中国人民大学,xxx improves xxx when xxx is on，xxx 刍议，xxx 在 xxx 中起到了重大作用，浅析 xxx，基于 xxx 的 xxx，xxx 在 xxx 中起到了重大作用，基于 xxx 的 xxx，xxx 在 xxx 中起到了重大作用，,
132,0001132,计算机学院,副教授,本科毕业于东南大学，研究生毕业于复旦大学，博士毕业于北京航空航天大学,论 xxx，基于 xxx 的 xxx，xxx improves xxx when xxx is on，基于 xxx 的 xxx，论 xxx，,
133,0101133,教育学院,副教授,本科毕业于北京交通大学，研究生毕业于清华大学，博士毕业于剑桥大学,xxx 在 xxx 中的应用，论 xxx，论 xxx，论 xxx，xxx 刍议，xxx 应用刍议，xxx 在 xxx 中的应用，xxx 在 xxx 中的应用，xxx 应用刍议，xxx faclitate xxx in xxx，,
134,0201134,文学院,副教授,本科毕业于北京大学，研究生毕业于北京大学，博士毕业于华中科技大学,xxx faclitate xxx in xxx，xxx faclitate xxx in xxx，xxx 应用刍议，xxx 刍议，论 xxx，xxx 应用刍议，xxx 在 xxx 中起到了重大作用，xxx 应用刍议，xxx 应用刍议，,
135,0301135,数学学院,讲师,本科毕业于北京师范大学，研究生毕业于国防科技大学，博士毕业于北京化工大学,xxx 在 xxx 中的应用，基于 xxx 的 xxx，论 xxx，xxx 应用刍议，基于 xxx 的 xxx，xxx 应用刍议，,
136,0401136,物理学院,教授,本科毕业于苏州大学，研究生毕业于哈佛大学，博士毕业于明尼苏达州立大学,xxx 应用刍议，xxx 在 xxx 中起到了重大作用，浅析 xxx，xxx 应用刍议，xxx faclitate xxx in xxx，xxx faclitate xxx in xxx，xxx faclitate xxx in xxx，xxx improves xxx when xxx is on，论 xxx，,
137,0501137,化学院,讲师,本科毕业于华南理工大学，研究生毕业于哈佛大学，博士毕业于斯坦福大学,xxx 应用刍议，浅析 xxx，论 xxx，xxx 刍议，xxx 刍议，,
138,0001138,计算机学院,副教授,本科毕业于北京交通大学，研究生毕业于南京大学，博士毕业于北京大学,xxx 刍议，xxx faclitate xxx in xxx，基于 xxx 的 xxx，xxx 应用刍议，论 xxx，xxx faclitate xxx in xxx，xxx faclitate xxx in xxx，基于 xxx 的 xxx，论 xxx，论 xxx，,
139,0101139,教育学院,讲师,本科毕业于苏州大学，研究生毕业于北京理工大学，博士毕业于武汉大学,xxx 在 xxx 中的应用，论 xxx，xxx faclitate xxx in xxx，xxx 在 xxx 中的应用，浅析 xxx，xxx improves xxx when xxx is on，,
140,0201140,文学院,讲师,本科毕业于北京化工大学，研究生毕业于苏州大学，博士毕业于复旦大学,xxx 刍议，xxx 应用刍议，xxx 刍议，基于 xxx 的 xxx，基于 xxx 的 xxx，浅析 xxx，xxx faclitate xxx in xxx，xxx faclitate xxx in xxx，xxx faclitate xxx in xxx，,
141,0301141,数学学院,副教授,本科毕业于北京师范大学，研究生毕业于加州大学圣迭戈分校，博士毕业于华东师范大学,xxx 刍议，xxx 在 xxx 中的应用，基于 xxx 的 xxx，浅析 xxx，xxx faclitate xxx in xxx，,
142,0401142,物理学院,讲师,本科毕业于华中科技大学，研究生毕业于苏州大学，博士毕业于北京大学,xxx faclitate xxx in xxx，xxx 在 xxx 中的应用，xxx 在 xxx 中的应用，xxx improves xxx when xxx is on，基于 xxx 的 xxx，xxx 在 xxx 中的应用，xxx 在 xxx 中起到了重大作用，xxx improves xxx when xxx is on，论 xxx，论 xxx，,
143,0501143,化学院,副教授,本科毕业于华东师范大学，研究生毕业于加州大学圣迭戈分校，博士毕业于加州大学圣迭戈分校,xxx 应用刍议，浅析 xxx，基于 xxx 的 xxx，xxx faclitate xxx in xxx，xxx 应用刍议，xxx faclitate xxx in xxx，,
144,0001144,计算机学院,教授,本科毕业于斯坦福大学，研究生毕业于明尼苏达州立大学，博士毕业于哈佛大学,xxx 应用刍议，xxx 在 xxx 中的应用，xxx faclitate xxx in xxx，xxx 应用刍议，xxx faclitate xxx in xxx，论 xxx，xxx 在 xxx 中起到了重大作用，xxx 在 xxx 中的应用，论 xxx，论 xxx，,
145,0101145,教育学院,副教授,本科毕业于中国人民大学，研究生毕业于清华大学，博士毕业于剑桥大学,xxx 在 xxx 中起到了重大作用，xxx faclitate xxx in xxx，基于 xxx 的 xxx，xxx improves xxx when xxx is on，xxx faclitate xxx in xxx，论 xxx，论 xxx，,
146,0201146,文学院,教授,本科毕业于华东师范大学，研究生毕业于北京航空航天大学，博士毕业于北京大学,xxx 应用刍议，浅析 xxx，基于 xxx 的 xxx，xxx 在 xxx 中的应用，xxx 应用刍议，xxx faclitate xxx in xxx，基于 xxx 的 xxx，xxx faclitate xxx in xxx，,
147,0301147,数学学院,副教授,本科毕业于德州农工大学，研究生毕业于牛津大学，博士毕业于复旦大学,xxx 应用刍议，xxx 刍议，xxx faclitate xxx in xxx，论 xxx，浅析 xxx，xxx 应用刍议，xxx 刍议，xxx 应用刍议，,
148,0401148,物理学院,副教授,本科毕业于中国人民大学，研究生毕业于纽约大学，博士毕业于南京大学,基于 xxx 的 xxx，论 xxx，xxx 刍议，xxx improves xxx when xxx is on，浅析 xxx，xxx faclitate xxx in xxx，xxx faclitate xxx in xxx，浅析 xxx，xxx 刍议，,
149,0501149,化学院,讲师,本科毕业于牛津大学，研究生毕业于同济大学，博士毕业于华中科技大学,基于 xxx 的 xxx，xxx 刍议，xxx 应用刍议，xxx improves xxx when xxx is on，论 xxx，xxx faclitate xxx in xxx，xxx 在 xxx 中起到了重大作用，基于 xxx 的 xxx，xxx 应用刍议，论 xxx，,
150,0001150,计算机学院,讲师,本科毕业于明尼苏达州立大学，研究生毕业于加州大学圣迭戈分校，博士毕业于纽约大学,xxx 刍议，xxx 刍议，基于 xxx 的 xxx，基于 xxx 的 xxx，xxx faclitate xxx in xxx，xxx 在 xxx 中的应用，论 xxx，浅析 xxx，xxx 在 xxx 中起到了重大作用，,
151,0101151,教育学院,讲师,本科毕业于国防科技大学，研究生毕业于加州大学伯克利分校，博士毕业于北京化工大学,xxx 刍议，xxx 在 xxx 中的应用，xxx 应用刍议，xxx 应用刍议，xxx 应用刍议，,
152,0201152,文学院,讲师,本科毕业于苏州大学，研究生毕业于加州大学圣迭戈分校，博士毕业于复旦大学,浅析 xxx，xxx 刍议，xxx 应用刍议，xxx 在 xxx 中的应用，xxx 刍议，xxx 在 xxx 中起到了重大作用，xxx faclitate xxx in xxx，论 xxx，xxx 在 xxx 中的应用，,
153,0301153,数学学院,讲师,本科毕业于斯坦福大学，研究生毕业于明尼苏达州立大学，博士毕业于德州农工大学,xxx 刍议，xxx 在 xxx 中的应用，论 xxx，xxx 应用刍议，xxx 在 xxx 中起到了重大作用，xxx improves xxx when xxx is on，xxx 应用刍议，xxx 在 xxx 中的应用，,
154,0401154,物理学院,教授,本科毕业于华南理工大学，研究生毕业于北京交通大学，博士毕业于剑桥大学,浅析 xxx，xxx improves xxx when xxx is on，xxx 在 xxx 中的应用，xxx faclitate xxx in xxx，xxx 刍议，论 xxx，,
155,0501155,化学院,教授,本科毕业于北京化工大学，研究生毕业于北京大学，博士毕业于华中科技大学,xxx 应用刍议，xxx 在 xxx 中起到了重大作用，xxx 在 xxx 中起到了重大作用，xxx faclitate xxx in xxx，基于 xxx 的 xxx，浅析 xxx，xxx improves xxx when xxx is on，,
156,0001156,计算机学院,教授,本科毕业于明尼苏达州立大学，研究生毕业于北京大学，博士毕业于东南大学,xxx 在 xxx 中的应用，xxx 应用刍议，浅析 xxx，论 xxx，基于 xxx 的 xxx，浅析 xxx，xxx 在 xxx 中起到了重大作用，,
157,0101157,教育学院,讲师,本科毕业于明尼苏达州立大学，研究生毕业于复旦大学，博士毕业于华南师范大学,浅析 xxx，xxx improves xxx when xxx is on，xxx 应用刍议，xxx 刍议，论 xxx，xxx faclitate xxx in xxx，xxx improves xxx when xxx is on，,
158,0201158,文学院,教授,本科毕业于纽约大学，研究生毕业于北京大学，博士毕业于牛津大学,基于 xxx 的 xxx，xxx improves xxx when xxx is on，基于 xxx 的 xxx，xxx 在 xxx 中起到了重大作用，浅析 xxx，xxx 在 xxx 中起到了重大作用，xxx faclitate xxx in xxx，,
159,0301159,数学学院,副教授,本科毕业于北京化工大学，研究生毕业于北京理工大学，博士毕业于东南大学,基于 xxx 的 xxx，基于 xxx 的 xxx，xxx faclitate xxx in xxx，基于 xxx 的 xxx，xxx 在 xxx 中起到了重大作用，论 xxx，浅析 xxx，,
160,0401160,物理学院,教授,本科毕业于卡内基-梅隆大学，研究生毕业于武汉大学，博士毕业于中山大学,xxx 应用刍议，xxx 应用刍议，浅析 xxx，xxx faclitate xxx in xxx，xxx faclitate xxx in xxx，论 xxx，,
161,0501161,化学院,讲师,本科毕业于斯坦福大学，研究生毕业于哈佛大学，博士毕业于加州大学伯克利分校,xxx faclitate xxx in xxx，基于 xxx 的 xxx，xxx improves xxx when xxx is on，xxx 在 xxx 中的应用，xxx improves xxx when xxx is on，xxx 刍议，xxx 在 xxx 中的应用，浅析 xxx，xxx 刍议，xxx faclitate xxx in xxx，,
162,0001162,计算机学院,副教授,本科毕业于纽约大学，研究生毕业于华中师范大学，博士毕业于中国人民大学,xxx 应用刍议，xxx faclitate xxx in xxx，论 xxx，xxx improves xxx when xxx is on，xxx 在 xxx 中起到了重大作用，xxx 刍议，xxx 刍议，论 xxx，,
163,0101163,教育学院,讲师,本科毕业于北京航空航天大学，研究生毕业于牛津大学，博士毕业于北京航空航天大学,论 xxx，基于 xxx 的 xxx，浅析 xxx，xxx improves xxx when xxx is on，xxx 应用刍议，xxx improves xxx when xxx is on，,
164,0201164,文学院,讲师,本科毕业于同济大学，研究生毕业于斯坦福大学，博士毕业于国防科技大学,基于 xxx 的 xxx，xxx improves xxx when xxx is on，xxx 在 xxx 中起到了重大作用，xxx 应用刍议，论 xxx，,
165,0301165,数学学院,副教授,本科毕业于纽约大学，研究生毕业于牛津大学，博士毕业于北京师范大学,xxx 在 xxx 中起到了重大作用，浅析 xxx，浅析 xxx，xxx 刍议，xxx faclitate xxx in xxx，xxx improves xxx when xxx is on，xxx improves xxx when xxx is on，xxx 刍议，,
166,0401166,物理学院,副教授,本科毕业于华中科技大学，研究生毕业于华南理工大学，博士毕业于北京航空航天大学,浅析 xxx，xxx 在 xxx 中的应用，xxx 在 xxx 中的应用，论 xxx，论 xxx，xxx 在 xxx 中的应用，基于 xxx 的 xxx，xxx 在 xxx 中的应用，,
167,0501167,化学院,讲师,本科毕业于加州大学圣迭戈分校，研究生毕业于华中科技大学，博士毕业于南京大学,xxx 在 xxx 中的应用，xxx 在 xxx 中的应用，论 xxx，论 xxx，xxx faclitate xxx in xxx，xxx improves xxx when xxx is on，xxx 在 xxx 中的应用，xxx 在 xxx 中的应用，xxx faclitate xxx in xxx，,
168,0001168,计算机学院,教授,本科毕业于中国人民大学，研究生毕业于牛津大学，博士毕业于加州大学圣迭戈分校,xxx faclitate xxx in xxx，基于 xxx 的 xxx，xxx improves xxx when xxx is on，xxx 刍议，xxx 在 xxx 中起到了重大作用，,
169,0101169,教育学院,教授,本科毕业于中国人民大学，研究生毕业于加州大学伯克利分校，博士毕业于北京师范大学,xxx 在 xxx 中的应用，xxx 刍议，xxx 应用刍议，xxx faclitate xxx in xxx，xxx 刍议，论 xxx，浅析 xxx，浅析 xxx，,
170,0201170,文学院,讲师,本科毕业于北京师范大学，研究生毕业于牛津大学，博士毕业于华南师范大学,浅析 xxx，xxx 刍议，论 xxx，xxx 在 xxx 中的应用，基于 xxx 的 xxx，xxx 应用刍议，xxx 应用刍议，论 xxx，xxx 刍议，,
171,0301171,数学学院,教授,本科毕业于武汉大学，研究生毕业于北京理工大学，博士毕业于明尼苏达州立大学,浅析 xxx，基于 xxx 的 xxx，xxx 应用刍议，浅析 xxx，基于 xxx 的 xxx，xxx improves xxx when xxx is on，xxx faclitate xxx in xxx，xxx improves xxx when xxx is on，xxx 应用刍议，,
172,0401172,物理学院,副教授,本科毕业于南京大学，研究生毕业于苏州大学，博士毕业于国防科技大学,浅析 xxx，xxx 在 xxx 中的应用，论 xxx，xxx 刍议，xxx improves xxx when xxx is on，xxx 在 xxx 中起到了重大作用，xxx improves xxx when xxx is on，,
173,0501173,化学院,副教授,本科毕业于卡内基-梅隆大学，研究生毕业于清华大学，博士毕业于武汉大学,基于 xxx 的 xxx，xxx 刍议，浅析 xxx，xxx 在 xxx 中的应用，xxx 在 xxx 中的应用，,
174,0001174,计算机学院,副教授,本科毕业于华东师范大学，研究生毕业于国防科技大学，博士毕业于北京航空航天大学,基于 xxx 的 xxx，xxx 在 xxx 中起到了重大作用，xxx 在 xxx 中的应用，xxx 在 xxx 中起到了重大作用，xxx 应用刍议，基于 xxx 的 xxx，,
175,0101175,教育学院,教授,本科毕业于北京大学，研究生毕业于上海交通大学，博士毕业于清华大学,xxx 在 xxx 中起到了重大作用，xxx faclitate xxx in xxx，xxx 刍议，xxx 刍议，xxx 在 xxx 中的应用，论 xxx，,
176,0201176,文学院,讲师,本科毕业于南京大学，研究生毕业于华中科技大学，博士毕业于明尼苏达州立大学,浅析 xxx，xxx faclitate xxx in xxx，xxx faclitate xxx in xxx，论 xxx，xxx improves xxx when xxx is on，xxx improves xxx when xxx is on，xxx 在 xxx 中的应用，xxx 在 xxx 中起到了重大作用，基于 xxx 的 xxx，,
177,0301177,数学学院,教授,本科毕业于卡内基-梅隆大学，研究生毕业于哈佛大学，博士毕业于斯坦福大学,浅析 xxx，浅析 xxx，xxx faclitate xxx in xxx，基于 xxx 的 xxx，xxx 在 xxx 中的应用，,
178,0401178,物理学院,教授,本科毕业于东南大学，研究生毕业于北京化工大学，博士毕业于华东师范大学,xxx 刍议，xxx 刍议，xxx faclitate xxx in xxx，浅析 xxx，xxx improves xxx when xxx is on，xxx 应用刍议，,
179,0501179,化学院,教授,本科毕业于复旦大学，研究生毕业于北京交通大学，博士毕业于加州大学伯克利分校,xxx 刍议，xxx faclitate xxx in xxx，xxx 刍议，浅析 xxx，xxx 在 xxx 中起到了重大作用，xxx 应用刍议，xxx 应用刍议，论 xxx，xxx 应用刍议，xxx faclitate xxx in xxx，,
180,0001180,计算机学院,教授,本科毕业于复旦大学，研究生毕业于剑桥大学，博士毕业于南京大学,xxx faclitate xxx in xxx，浅析 xxx，浅析 xxx，xxx 在 xxx 中起到了重大作用，xxx faclitate xxx in xxx，,
181,0101181,教育学院,副教授,本科毕业于中山大学，研究生毕业于北京师范大学，博士毕业于华南师范大学,xxx 在 xxx 中的应用，xxx 刍议，xxx 刍议，基于 xxx 的 xxx，xxx 应用刍议，论 xxx，xxx 在 xxx 中起到了重大作用，xxx 应用刍议，论 xxx，,
182,0201182,文学院,教授,本科毕业于武汉大学，研究生毕业于北京师范大学，博士毕业于纽约大学,浅析 xxx，xxx faclitate xxx in xxx，xxx 应用刍议，xxx 在 xxx 中的应用，论 xxx，基于 xxx 的 xxx，xxx faclitate xxx in xxx，浅析 xxx，基于 xxx 的 xxx，,
183,0301183,数学学院,副教授,本科毕业于加州大学圣迭戈分校，研究生毕业于上海交通大学，博士毕业于北京理工大学,xxx 刍议，xxx 在 xxx 中起到了重大作用，xxx 应用刍议，xxx faclitate xxx in xxx，xxx 在 xxx 中的应用，xxx 在 xxx 中的应用，基于 xxx 的 xxx，论 xxx，浅析 xxx，,
184,0401184,物理学院,讲师,本科毕业于武汉大学，研究生毕业于卡内基-梅隆大学，博士毕业于北京化工大学,xxx 在 xxx 中的应用，论 xxx，xxx faclitate xxx in xxx，xxx 在 xxx 中起到了重大作用，xxx faclitate xxx in xxx，xxx 在 xxx 中的应用，基于 xxx 的 xxx，基于 xxx 的 xxx，论 xxx，,
185,0501185,化学院,教授,本科毕业于加州大学伯克利分校，研究生毕业于复旦大学，博士毕业于北京理工大学,论 xxx，xxx improves xxx when xxx is on，xxx improves xxx when xxx is on，基于 xxx 的 xxx，xxx 应用刍议，xxx 在 xxx 中起到了重大作用，xxx 刍议，浅析 xxx，xxx 应用刍议，浅析 xxx，,
186,0001186,计算机学院,副教授,本科毕业于北京理工大学，研究生毕业于德州农工大学，博士毕业于牛津大学,基于 xxx 的 xxx，基于 xxx 的 xxx，xxx improves xxx when xxx is on，xxx 在 xxx 中的应用，xxx 在 xxx 中的应用，xxx 在 xxx 中的应用，xxx 应用刍议，,
187,0101187,教育学院,副教授,本科毕业于同济大学，研究生毕业于华中师范大学，博士毕业于北京理工大学,论 xxx，浅析 xxx，xxx 应用刍议，xxx 刍议，xxx faclitate xxx in xxx，,
188,0201188,文学院,教授,本科毕业于加州大学圣迭戈分校，研究生毕业于同济大学，博士毕业于北京航空航天大学,基于 xxx 的 xxx，基于 xxx 的 xxx，xxx 刍议，论 xxx，浅析 xxx，xxx 在 xxx 中的应用，,
189,0301189,数学学院,教授,本科毕业于清华大学，研究生毕业于华中师范大学，博士毕业于武汉大学,xxx 在 xxx 中的应用，xxx 在 xxx 中的应用，xxx faclitate xxx in xxx，论 xxx，xxx 在 xxx 中的应用，xxx 在 xxx 中的应用，论 xxx，xxx 在 xxx 中的应用，xxx 刍议，xxx 应用刍议，,
190,0401190,物理学院,讲师,本科毕业于德州农工大学，研究生毕业于哈佛大学，博士毕业于剑桥大学,xxx 在 xxx 中起到了重大作用，xxx improves xxx when xxx is on，xxx improves xxx when xxx is on，xxx 应用刍议，xxx faclitate xxx in xxx，,
191,0501191,化学院,讲师,本科毕业于德州农工大学，研究生毕业于苏州大学，博士毕业于复旦大学,浅析 xxx，浅析 xxx，论 xxx，论 xxx，浅析 xxx，,
192,0001192,计算机学院,讲师,本科毕业于哈佛大学，研究生毕业于剑桥大学，博士毕业于剑桥大学,论 xxx，基于 xxx 的 xxx，基于 xxx 的 xxx，xxx 应用刍议，xxx improves xxx when xxx is on，,
193,0101193,教育学院,教授,本科毕业于北京师范大学，研究生毕业于华东师范大学，博士毕业于北京化工大学,论 xxx，xxx 应用刍议，基于 xxx 的 xxx，xxx 在 xxx 中的应用，浅析 xxx，基于 xxx 的 xxx，xxx 刍议，浅析 xxx，xxx improves xxx when xxx is on，,
194,0201194,文学院,副教授,本科毕业于中山大学，研究生毕业于北京化工大学，博士毕业于明尼苏达州立大学,浅析 xxx，xxx faclitate xxx in xxx，浅析 xxx，基于 xxx 的 xxx，浅析 xxx，,
195,0301195,数学学院,讲师,本科毕业于加州大学圣迭戈分校，研究生毕业于北京化工大学，博士毕业于华南理工大学,论 xxx，浅析 xxx，xxx 应用刍议，xxx 刍议，xxx improves xxx when xxx is on，论 xxx，论 xxx，浅析 xxx，,
196,0401196,物理学院,副教授,本科毕业于华南理工大学，研究生毕业于华中师范大学，博士毕业于加州大学伯克利分校,浅析 xxx，基于 xxx 的 xxx，xxx faclitate xxx in xxx，xxx 刍议，xxx 在 xxx 中的应用，xxx faclitate xxx in xxx，xxx improves xxx when xxx is on，,
197,0501197,化学院,教授,本科毕业于加州大学伯克利分校，研究生毕业于华中师范大学，博士毕业于牛津大学,基于 xxx 的 xxx，xxx 应用刍议，xxx 刍议，xxx 应用刍议，xxx 应用刍议，xxx 在 xxx 中起到了重大作用，,
198,0001198,计算机学院,讲师,本科毕业于北京化工大学，研究生毕业于德州农工大学，博士毕业于北京大学,论 xxx，xxx faclitate xxx in xxx，xxx 在 xxx 中起到了重大作用，xxx improves xxx when xxx is on，xxx 应用刍议，xxx 刍议，xxx 刍议，,
199,0101199,教育学院,讲师,本科毕业于华南理工大学，研究生毕业于中山大学，博士毕业于同济大学,论 xxx，浅析 xxx，xxx faclitate xxx in xxx，xxx 应用刍议，xxx faclitate xxx in xxx，论 xxx，xxx faclitate xxx in xxx，xxx improves xxx when xxx is on，论 xxx，,
200,0001200,计算机学院,教授,本科毕业于东南大学，研究生毕业于德州农工大学，博士毕业于北京化工大学,xxx 在 xxx 中起到了重大作用，xxx 在 xxx 中起到了重大作用，xxx 在 xxx 中起到了重大作用，xxx improves xxx when xxx is on，xxx improves xxx when xxx is on，论 xxx，xxx faclitate xxx in xxx，xxx 应用刍议，xxx 在 xxx 中的应用，xxx 在 xxx 中起到了重大作用，,
201,0101201,教育学院,讲师,本科毕业于德州农工大学，研究生毕业于上海交通大学，博士毕业于北京交通大学,论 xxx，xxx 刍议，xxx 在 xxx 中的应用，xxx 在 xxx 中的应用，xxx 在 xxx 中起到了重大作用，,
202,0201202,文学院,教授,本科毕业于武汉大学，研究生毕业于明尼苏达州立大学，博士毕业于华南理工大学,浅析 xxx，xxx 在 xxx 中起到了重大作用，xxx 在 xxx 中的应用，xxx 应用刍议，xxx improves xxx when xxx is on，xxx 在 xxx 中起到了重大作用，xxx improves xxx when xxx is on，xxx 在 xxx 中的应用，论 xxx，论 xxx，,
203,0301203,数学学院,副教授,本科毕业于武汉大学，研究生毕业于国防科技大学，博士毕业于北京交通大学,论 xxx，浅析 xxx，xxx improves xxx when xxx is on，论 xxx，xxx 应用刍议，,
204,0401204,物理学院,副教授,本科毕业于纽约大学，研究生毕业于德州农工大学，博士毕业于上海交通大学,xxx 在 xxx 中的应用，xxx 在 xxx 中的应用，xxx 应用刍议，xxx 在 xxx 中的应用，浅析 xxx，,
205,0501205,化学院,教授,本科毕业于东南大学，研究生毕业于纽约大学，博士毕业于中国人民大学,xxx faclitate xxx in xxx，xxx improves xxx when xxx is on，论 xxx，xxx 在 xxx 中起到了重大作用，xxx faclitate xxx in xxx，xxx improves xxx when xxx is on，,
206,0001206,计算机学院,讲师,本科毕业于北京理工大学，研究生毕业于卡内基-梅隆大学，博士毕业于华中师范大学,xxx 刍议，xxx improves xxx when xxx is on，xxx 应用刍议，基于 xxx 的 xxx，xxx faclitate xxx in xxx，论 xxx，xxx improves xxx when xxx is on，,
207,0101207,教育学院,教授,本科毕业于清华大学，研究生毕业于华南师范大学，博士毕业于剑桥大学,xxx faclitate xxx in xxx，xxx 在 xxx 中起到了重大作用，xxx 应用刍议，xxx improves xxx when xxx is on，基于 xxx 的 xxx，xxx 刍议，,
208,0201208,文学院,讲师,本科毕业于明尼苏达州立大学，研究生毕业于华中师范大学，博士毕业于斯坦福大学,xxx improves xxx when xxx is on，基于 xxx 的 xxx，浅析 xxx，xxx 在 xxx 中的应用，xxx 在 xxx 中的应用，xxx 在 xxx 中起到了重大作用，xxx 刍议，xxx 应用刍议，xxx 应用刍议，,
209,0301209,数学学院,讲师,本科毕业于加州大学伯克利分校，研究生毕业于剑桥大学，博士毕业于北京师范大学,xxx improves xxx when xxx is on，基于 xxx 的 xxx，xxx 在 xxx 中起到了重大作用，浅析 xxx，xxx improves xxx when xxx is on，浅析 xxx，xxx 刍议，xxx 在 xxx 中的应用，,
210,0401210,物理学院,讲师,本科毕业于华中科技大学，研究生毕业于斯坦福大学，博士毕业于北京化工大学,xxx faclitate xxx in xxx，xxx improves xxx when xxx is on，xxx 刍议，浅析 xxx，xxx 在 xxx 中起到了重大作用，,
211,0501211,化学院,讲师,本科毕业于国防科技大学，研究生毕业于国防科技大学，博士毕业于斯坦福大学,xxx faclitate xxx in xxx，xxx 应用刍议，基于 xxx 的 xxx，xxx 在 xxx 中的应用，xxx 应用刍议，浅析 xxx，浅析 xxx，xxx 应用刍议，论 xxx，xxx 应用刍议，,
212,0001212,计算机学院,副教授,本科毕业于中山大学，研究生毕业于北京理工大学，博士毕业于武汉大学,论 xxx，xxx 在 xxx 中的应用，xxx faclitate xxx in xxx，xxx 刍议，基于 xxx 的 xxx，xxx faclitate xxx in xxx，xxx 应用刍议，xxx improves xxx when xxx is on，xxx 应用刍议，,
213,0101213,教育学院,讲师,本科毕业于上海交通大学，研究生毕业于德州农工大学，博士毕业于北京航空航天大学,基于 xxx 的 xxx，基于 xxx 的 xxx，基于 xxx 的 xxx，xxx faclitate xxx in xxx，xxx 在 xxx 中的应用，xxx 在 xxx 中的应用，,
214,0201214,文学院,副教授,本科毕业于斯坦福大学，研究生毕业于斯坦福大学，博士毕业于明尼苏达州立大学,xxx faclitate xxx in xxx，浅析 xxx，基于 xxx 的 xxx，xxx faclitate xxx in xxx，xxx 刍议，xxx faclitate xxx in xxx，xxx 在 xxx 中起到了重大作用，,
215,0301215,数学学院,教授,本科毕业于加州大学圣迭戈分校，研究生毕业于牛津大学，博士毕业于华南理工大学,xxx faclitate xxx in xxx，xxx 在 xxx 中的应用，论 xxx，xxx faclitate xxx in xxx，xxx 在 xxx 中的应用，论 xxx，xxx 在 xxx 中起到了重大作用，xxx faclitate xxx in xxx，论 xxx，基于 xxx 的 xxx，,
216,0401216,物理学院,讲师,本科毕业于卡内基-梅隆大学，研究生毕业于南京大学，博士毕业于剑桥大学,xxx 在 xxx 中的应用，xxx 在 xxx 中起到了重大作用，xxx 在 xxx 中起到了重大作用，xxx 刍议，基于 xxx 的 xxx，xxx 在 xxx 中起到了重大作用，xxx 刍议，xxx 在 xxx 中的应用，xxx 在 xxx 中起到了重大作用，,
217,0501217,化学院,副教授,本科毕业于斯坦福大学，研究生毕业于华南师范大学，博士毕业于加州大学圣迭戈分校,xxx 在 xxx 中起到了重大作用，xxx 应用刍议，xxx faclitate xxx in xxx，论 xxx，xxx faclitate xxx in xxx，xxx faclitate xxx in xxx，xxx 在 xxx 中的应用，xxx 刍议，基于 xxx 的 xxx，xxx improves xxx when xxx is on，,
218,0001218,计算机学院,副教授,本科毕业于北京航空航天大学，研究生毕业于上海交通大学，博士毕业于中国人民大学,xxx improves xxx when xxx is on，xxx faclitate xxx in xxx，xxx faclitate xxx in xxx，xxx faclitate xxx in xxx，xxx 应用刍议，xxx 在 xxx 中起到了重大作用，xxx 在 xxx 中的应用，xxx 刍议，xxx 刍议，,
219,0101219,教育学院,教授,本科毕业于中国人民大学，研究生毕业于武汉大学，博士毕业于华中师范大学,xxx 应用刍议，xxx 刍议，xxx 应用刍议，xxx 应用刍议，xxx 应用刍议，xxx faclitate xxx in xxx，,
220,0201220,文学院,教授,本科毕业于中国人民大学，研究生毕业于北京理工大学，博士毕业于北京交通大学,论 xxx，xxx faclitate xxx in xxx，xxx improves xxx when xxx is on，xxx 刍议，xxx improves xxx when xxx is on，xxx improves xxx when xxx is on，浅析 xxx，xxx faclitate xxx in xxx，,
221,0301221,数学学院,讲师,本科毕业于中国人民大学，研究生毕业于南京大学，博士毕业于北京师范大学,xxx 在 xxx 中起到了重大作用，论 xxx，xxx improves xxx when xxx is on，xxx 在 xxx 中的应用，xxx 刍议，xxx 刍议，xxx 在 xxx 中的应用，基于 xxx 的 xxx，xxx 在 xxx 中的应用，,
222,0401222,物理学院,教授,本科毕业于北京交通大学，研究生毕业于华南理工大学，博士毕业于国防科技大学,xxx improves xxx when xxx is on，xxx improves xxx when xxx is on，xxx 应用刍议，论 xxx，xxx improves xxx when xxx is on，xxx improves xxx when xxx is on，xxx improves xxx when xxx is on，,
223,0501223,化学院,副教授,本科毕业于华南理工大学，研究生毕业于斯坦福大学，博士毕业于华中师范大学,xxx 在 xxx 中起到了重大作用，xxx improves xxx when xxx is on，xxx improves xxx when xxx is on，浅析 xxx，xxx 应用刍议，基于 xxx 的 xxx，xxx 应用刍议，xxx improves xxx when xxx is on，xxx faclitate xxx in xxx，,
224,0001224,计算机学院,讲师,本科毕业于中山大学，研究生毕业于北京师范大学，博士毕业于华东师范大学,xxx 刍议，xxx 在 xxx 中起到了重大作用，xxx improves xxx when xxx is on，基于 xxx 的 xxx，基于 xxx 的 xxx，xxx improves xxx when xxx is on，xxx faclitate xxx in xxx，,
225,0101225,教育学院,教授,本科毕业于清华大学，研究生毕业于明尼苏达州立大学，博士毕业于剑桥大学,xxx 在 xxx 中起到了重大作用，浅析 xxx，基于 xxx 的 xxx，xxx improves xxx when xxx is on，浅析 xxx，xxx 在 xxx 中起到了重大作用，xxx 在 xxx 中起到了重大作用，基于 xxx 的 xxx，xxx 刍议，,
226,0201226,文学院,教授,本科毕业于东南大学，研究生毕业于北京大学，博士毕业于南京大学,xxx 应用刍议，基于 xxx 的 xxx，xxx 刍议，xxx faclitate xxx in xxx，xxx 在 xxx 中起到了重大作用，基于 xxx 的 xxx，xxx 应用刍议，,
227,0301227,数学学院,副教授,本科毕业于斯坦福大学，研究生毕业于上海交通大学，博士毕业于北京大学,xxx 在 xxx 中的应用，论 xxx，xxx 刍议，xxx improves xxx when xxx is on，xxx faclitate xxx in xxx，xxx faclitate xxx in xxx，xxx 在 xxx 中的应用，xxx faclitate xxx in xxx，,
228,0401228,物理学院,教授,本科毕业于北京理工大学，研究生毕业于剑桥大学，博士毕业于牛津大学,xxx faclitate xxx in xxx，基于 xxx 的 xxx，xxx 在 xxx 中起到了重大作用，xxx 应用刍议，浅析 xxx，基于 xxx 的 xxx，,
229,0501229,化学院,副教授,本科毕业于北京化工大学，研究生毕业于加州大学伯克利分校，博士毕业于北京大学,xxx 在 xxx 中起到了重大作用，论 xxx，xxx improves xxx when xxx is on，xxx 在 xxx 中起到了重大作用，xxx 在 xxx 中起到了重大作用，xxx 在 xxx 中起到了重大作用，基于 xxx 的 xxx，xxx 应用刍议，xxx 刍议，xxx faclitate xxx in xxx，,
230,0001230,计算机学院,教授,本科毕业于北京大学，研究生毕业于华中科技大学，博士毕业于剑桥大学,xxx faclitate xxx in xxx，xxx 应用刍议，浅析 xxx，xxx 刍议，xxx 应用刍议，基于 xxx 的 xxx，xxx 刍议，xxx 在 xxx 中的应用，基于 xxx 的 xxx，论 xxx，,
231,0101231,教育学院,副教授,本科毕业于华南理工大学，研究生毕业于北京理工大学，博士毕业于华中科技大学,xxx 在 xxx 中起到了重大作用，xxx improves xxx when xxx is on，基于 xxx 的 xxx，xxx 应用刍议，xxx 在 xxx 中起到了重大作用，xxx 在 xxx 中的应用，论 xxx，xxx 在 xxx 中的应用，,
232,0201232,文学院,讲师,本科毕业于中山大学，研究生毕业于明尼苏达州立大学，博士毕业于华南理工大学,xxx 在 xxx 中的应用，xxx 应用刍议，xxx improves xxx when xxx is on，xxx 在 xxx 中的应用，基于 xxx 的 xxx，基于 xxx 的 xxx，xxx 应用刍议，基于 xxx 的 xxx，浅析 xxx，浅析 xxx，,
233,0301233,数学学院,教授,本科毕业于加州大学伯克利分校，研究生毕业于国防科技大学，博士毕业于国防科技大学,基于 xxx 的 xxx，xxx 刍议，xxx 在 xxx 中起到了重大作用，浅析 xxx，基于 xxx 的 xxx，,
234,0401234,物理学院,教授,本科毕业于北京师范大学，研究生毕业于北京航空航天大学，博士毕业于剑桥大学,基于 xxx 的 xxx，浅析 xxx，xxx 在 xxx 中起到了重大作用，浅析 xxx，浅析 xxx，基于 xxx 的 xxx，xxx 在 xxx 中的应用，xxx 刍议，论 xxx，xxx 应用刍议，,
235,0501235,化学院,讲师,本科毕业于卡内基-梅隆大学，研究生毕业于武汉大学，博士毕业于卡内基-梅隆大学,基于 xxx 的 xxx，论 xxx，xxx 在 xxx 中的应用，xxx 应用刍议，xxx improves xxx when xxx is on，论 xxx，xxx 在 xxx 中起到了重大作用，xxx 在 xxx 中起到了重大作用，,
236,0001236,计算机学院,副教授,本科毕业于加州大学圣迭戈分校，研究生毕业于剑桥大学，博士毕业于东南大学,xxx 在 xxx 中起到了重大作用，xxx faclitate xxx in xxx，基于 xxx 的 xxx，浅析 xxx，xxx 在 xxx 中起到了重大作用，xxx 在 xxx 中起到了重大作用，,
237,0101237,教育学院,副教授,本科毕业于同济大学，研究生毕业于武汉大学，博士毕业于华东师范大学,xxx faclitate xxx in xxx，xxx 在 xxx 中起到了重大作用，xxx 在 xxx 中的应用，浅析 xxx，浅析 xxx，论 xxx，,
238,0201238,文学院,讲师,本科毕业于南京大学，研究生毕业于华中科技大学，博士毕业于纽约大学,xxx 刍议，xxx 应用刍议，论 xxx，xxx 刍议，xxx 在 xxx 中的应用，浅析 xxx，xxx 刍议，xxx faclitate xxx in xxx，论 xxx，xxx 在 xxx 中起到了重大作用，,
239,0301239,数学学院,讲师,本科毕业于中山大学，研究生毕业于华中师范大学，博士毕业于剑桥大学,基于 xxx 的 xxx，xxx 应用刍议，基于 xxx 的 xxx，xxx improves xxx when xxx is on，基于 xxx 的 xxx，xxx 应用刍议，,
240,0401240,物理学院,讲师,本科毕业于国防科技大学，研究生毕业于同济大学，博士毕业于北京师范大学,xxx 刍议，xxx improves xxx when xxx is on，基于 xxx 的 xxx，xxx 在 xxx 中的应用，论 xxx，基于 xxx 的 xxx，xxx 在 xxx 中的应用，,
241,0501241,化学院,教授,本科毕业于明尼苏达州立大学，研究生毕业于北京师范大学，博士毕业于同济大学,xxx 应用刍议，浅析 xxx，xxx 应用刍议，xxx 刍议，基于 xxx 的 xxx，论 xxx，xxx improves xxx when xxx is on，xxx 刍议，,
242,0001242,计算机学院,副教授,本科毕业于北京大学，研究生毕业于北京航空航天大学，博士毕业于卡内基-梅隆大学,浅析 xxx，xxx 应用刍议，xxx 应用刍议，基于 xxx 的 xxx，xxx 在 xxx 中起到了重大作用，xxx faclitate xxx in xxx，论 xxx，xxx 应用刍议，,
243,0101243,教育学院,教授,本科毕业于中国人民大学，研究生毕业于北京航空航天大学，博士毕业于东南大学,xxx faclitate xxx in xxx，xxx 刍议，基于 xxx 的 xxx，xxx faclitate xxx in xxx，xxx 刍议，xxx faclitate xxx in xxx，浅析 xxx，,
244,0201244,文学院,教授,本科毕业于哈佛大学，研究生毕业于苏州大学，博士毕业于中国人民大学,xxx 在 xxx 中起到了重大作用，xxx 在 xxx 中起到了重大作用，xxx 在 xxx 中起到了重大作用，xxx 在 xxx 中起到了重大作用，xxx 刍议，,
245,0301245,数学学院,副教授,本科毕业于华中师范大学，研究生毕业于华东师范大学，博士毕业于华中师范大学,xxx 在 xxx 中起到了重大作用，xxx 在 xxx 中的应用，基于 xxx 的 xxx，xxx 应用刍议，xxx 在 xxx 中起到了重大作用，xxx 应用刍议，xxx improves xxx when xxx is on，,
246,0401246,物理学院,副教授,本科毕业于南京大学，研究生毕业于加州大学伯克利分校，博士毕业于上海交通大学,xxx 在 xxx 中起到了重大作用，xxx 刍议，xxx 在 xxx 中的应用，基于 xxx 的 xxx，xxx improves xxx when xxx is on，xxx 在 xxx 中起到了重大作用，xxx 在 xxx 中起到了重大作用，论 xxx，,
247,0501247,化学院,教授,本科毕业于德州农工大学，研究生毕业于华南师范大学，博士毕业于北京大学,xxx 刍议，xxx 应用刍议，基于 xxx 的 xxx，基于 xxx 的 xxx，xxx 刍议，xxx 在 xxx 中起到了重大作用，论 xxx，xxx 在 xxx 中的应用，,
248,0001248,计算机学院,副教授,本科毕业于哈佛大学，研究生毕业于北京师范大学，博士毕业于武汉大学,xxx 应用刍议，xxx faclitate xxx in xxx，xxx 在 xxx 中起到了重大作用，xxx 应用刍议，xxx faclitate xxx in xxx，xxx 应用刍议，基于 xxx 的 xxx，xxx 刍议，xxx 刍议，xxx 应用刍议，,
249,0101249,教育学院,教授,本科毕业于华中师范大学，研究生毕业于中国人民大学，博士毕业于同济大学,xxx 刍议，xxx faclitate xxx in xxx，基于 xxx 的 xxx，xxx 应用刍议，xxx improves xxx when xxx is on，xxx 在 xxx 中的应用，xxx improves xxx when xxx is on，,
250,0201250,文学院,副教授,本科毕业于哈佛大学，研究生毕业于北京化工大学，博士毕业于卡内基-梅隆大学,xxx 刍议，论 xxx，xxx 刍议，论 xxx，论 xxx，xxx 在 xxx 中的应用，论 xxx，xxx 应用刍议，xxx improves xxx when xxx is on，xxx faclitate xxx in xxx，,
251,0301251,数学学院,讲师,本科毕业于中山大学，研究生毕业于卡内基-梅隆大学，博士毕业于卡内基-梅隆大学,xxx 在 xxx 中起到了重大作用，浅析 xxx，xxx 刍议，xxx 在 xxx 中起到了重大作用，xxx 在 xxx 中的应用，xxx improves xxx when xxx is on，,
252,0401252,物理学院,讲师,本科毕业于剑桥大学，研究生毕业于纽约大学，博士毕业于德州农工大学,浅析 xxx，xxx 应用刍议，xxx 在 xxx 中的应用，论 xxx，xxx 刍议，浅析 xxx，xxx 应用刍议，xxx improves xxx when xxx is on，论 xxx，xxx 刍议，,
253,0501253,化学院,讲师,本科毕业于苏州大学，研究生毕业于剑桥大学，博士毕业于华南理工大学,浅析 xxx，xxx 刍议，xxx faclitate xxx in xxx，xxx faclitate xxx in xxx，xxx improves xxx when xxx is on，xxx 应用刍议，,
254,0001254,计算机学院,教授,本科毕业于华南师范大学，研究生毕业于复旦大学，博士毕业于剑桥大学,xxx 在 xxx 中起到了重大作用，xxx improves xxx when xxx is on，xxx improves xxx when xxx is on，xxx faclitate xxx in xxx，xxx 应用刍议，xxx faclitate xxx in xxx，xxx improves xxx when xxx is on，xxx 在 xxx 中起到了重大作用，xxx faclitate xxx in xxx，,
255,0101255,教育学院,教授,本科毕业于国防科技大学，研究生毕业于北京师范大学，博士毕业于同济大学,xxx faclitate xxx in xxx，xxx 在 xxx 中的应用，xxx 刍议，xxx improves xxx when xxx is on，xxx 在 xxx 中的应用，xxx 在 xxx 中的应用，xxx improves xxx when xxx is on，基于 xxx 的 xxx，,
256,0201256,文学院,副教授,本科毕业于北京交通大学，研究生毕业于剑桥大学，博士毕业于复旦大学,基于 xxx 的 xxx，xxx 刍议，xxx improves xxx when xxx is on，xxx 应用刍议，xxx 应用刍议，xxx 刍议，xxx 应用刍议，浅析 xxx，xxx 在 xxx 中的应用，,
257,0301257,数学学院,教授,本科毕业于北京化工大学，研究生毕业于加州大学圣迭戈分校，博士毕业于武汉大学,xxx improves xxx when xxx is on，xxx 刍议，浅析 xxx，xxx 刍议，xxx 刍议，xxx faclitate xxx in xxx，xxx 在 xxx 中的应用，论 xxx，xxx improves xxx when xxx is on，浅析 xxx，,
258,0401258,物理学院,副教授,本科毕业于清华大学，研究生毕业于华中师范大学，博士毕业于清华大学,xxx 刍议，论 xxx，xxx 应用刍议，基于 xxx 的 xxx，xxx 刍议，xxx 在 xxx 中的应用，xxx 在 xxx 中起到了重大作用，xxx 刍议，xxx 在 xxx 中起到了重大作用，xxx 在 xxx 中起到了重大作用，,
259,0501259,化学院,副教授,本科毕业于国防科技大学，研究生毕业于哈佛大学，博士毕业于卡内基-梅隆大学,xxx 在 xxx 中的应用，xxx 在 xxx 中的应用，xxx faclitate xxx in xxx，浅析 xxx，xxx 在 xxx 中起到了重大作用，xxx 刍议，,
260,0001260,计算机学院,副教授,本科毕业于清华大学，研究生毕业于北京航空航天大学，博士毕业于东南大学,xxx 在 xxx 中的应用，xxx 刍议，xxx 在 xxx 中的应用，xxx 在 xxx 中的应用，浅析 xxx，xxx 刍议，xxx 在 xxx 中起到了重大作用，xxx 刍议，xxx faclitate xxx in xxx，,
261,0101261,教育学院,讲师,本科毕业于北京航空航天大学，研究生毕业于华南理工大学，博士毕业于苏州大学,基于 xxx 的 xxx，xxx faclitate xxx in xxx，论 xxx，xxx 在 xxx 中起到了重大作用，xxx 应用刍议，xxx improves xxx when xxx is on，,
262,0201262,文学院,副教授,本科毕业于哈佛大学，研究生毕业于中国人民大学，博士毕业于华中师范大学,基于 xxx 的 xxx，基于 xxx 的 xxx，基于 xxx 的 xxx，基于 xxx 的 xxx，xxx faclitate xxx in xxx，论 xxx，,
263,0301263,数学学院,副教授,本科毕业于南京大学，研究生毕业于牛津大学，博士毕业于北京航空航天大学,论 xxx，浅析 xxx，xxx 在 xxx 中起到了重大作用，xxx 在 xxx 中起到了重大作用，xxx 在 xxx 中的应用，论 xxx，论 xxx，xxx improves xxx when xxx is on，xxx 刍议，论 xxx，,
264,0401264,物理学院,副教授,本科毕业于华南理工大学，研究生毕业于牛津大学，博士毕业于复旦大学,xxx faclitate xxx in xxx，xxx faclitate xxx in xxx，基于 xxx 的 xxx，xxx 应用刍议，xxx 在 xxx 中起到了重大作用，,
265,0501265,化学院,副教授,本科毕业于纽约大学，研究生毕业于华南理工大学，博士毕业于斯坦福大学,浅析 xxx，xxx improves xxx when xxx is on，xxx 刍议，xxx improves xxx when xxx is on，xxx improves xxx when xxx is on，xxx 刍议，xxx improves xxx when xxx is on，xxx improves xxx when xxx is on，论 xxx，,
266,0001266,计算机学院,讲师,本科毕业于华东师范大学，研究生毕业于北京大学，博士毕业于北京交通大学,浅析 xxx，论 xxx，xxx 在 xxx 中的应用，论 xxx，浅析 xxx，xxx 应用刍议，xxx 在 xxx 中的应用，,
267,0101267,教育学院,教授,本科毕业于纽约大学，研究生毕业于卡内基-梅隆大学，博士毕业于加州大学圣迭戈分校,论 xxx，基于 xxx 的 xxx，xxx improves xxx when xxx is on，基于 xxx 的 xxx，xxx 刍议，xxx 在 xxx 中起到了重大作用，xxx faclitate xxx in xxx，xxx 在 xxx 中起到了重大作用，xxx 在 xxx 中起到了重大作用，基于 xxx 的 xxx，,
268,0201268,文学院,教授,本科毕业于明尼苏达州立大学，研究生毕业于北京大学，博士毕业于华南理工大学,浅析 xxx，xxx 刍议，论 xxx，基于 xxx 的 xxx，xxx faclitate xxx in xxx，浅析 xxx，xxx 在 xxx 中起到了重大作用，基于 xxx 的 xxx，xxx faclitate xxx in xxx，xxx 在 xxx 中起到了重大作用，,
269,0301269,数学学院,教授,本科毕业于德州农工大学，研究生毕业于南京大学，博士毕业于清华大学,xxx faclitate xxx in xxx，xxx 在 xxx 中起到了重大作用，xxx improves xxx when xxx is on，论 xxx，浅析 xxx，,
270,0401270,物理学院,教授,本科毕业于卡内基-梅隆大学，研究生毕业于明尼苏达州立大学，博士毕业于华中师范大学,xxx 刍议，论 xxx，xxx 刍议，xxx 在 xxx 中起到了重大作用，xxx faclitate xxx in xxx，,
271,0501271,化学院,副教授,本科毕业于华中科技大学，研究生毕业于北京理工大学，博士毕业于哈佛大学,xxx 应用刍议，xxx faclitate xxx in xxx，xxx 在 xxx 中的应用，浅析 xxx，xxx 在 xxx 中的应用，基于 xxx 的 xxx，xxx faclitate xxx in xxx，浅析 xxx，,
272,0001272,计算机学院,教授,本科毕业于北京大学，研究生毕业于哈佛大学，博士毕业于东南大学,xxx 刍议，xxx improves xxx when xxx is on，xxx 应用刍议，基于 xxx 的 xxx，xxx 在 xxx 中的应用，浅析 xxx，xxx 在 xxx 中起到了重大作用，xxx faclitate xxx in xxx，,
273,0101273,教育学院,教授,本科毕业于清华大学，研究生毕业于北京交通大学，博士毕业于华中科技大学,论 xxx，基于 xxx 的 xxx，xxx improves xxx when xxx is on，xxx improves xxx when xxx is on，基于 xxx 的 xxx，xxx faclitate xxx in xxx，xxx improves xxx when xxx is on，xxx 应用刍议，论 xxx，浅析 xxx，,
274,0201274,文学院,教授,本科毕业于清华大学，研究生毕业于牛津大学，博士毕业于中国人民大学,xxx faclitate xxx in xxx，xxx 在 xxx 中起到了重大作用，xxx 在 xxx 中的应用，xxx 刍议，xxx 刍议，xxx 应用刍议，xxx 在 xxx 中起到了重大作用，浅析 xxx，xxx 应用刍议，,
275,0301275,数学学院,副教授,本科毕业于中山大学，研究生毕业于清华大学，博士毕业于北京航空航天大学,基于 xxx 的 xxx，xxx 在 xxx 中的应用，浅析 xxx，xxx 在 xxx 中的应用，xxx faclitate xxx in xxx，xxx 应用刍议，xxx improves xxx when xxx is on，,
276,0401276,物理学院,讲师,本科毕业于东南大学，研究生毕业于加州大学伯克利分校，博士毕业于复旦大学,xxx improves xxx when xxx is on，xxx 在 xxx 中起到了重大作用，xxx faclitate xxx in xxx，浅析 xxx，xxx 在 xxx 中的应用，,
277,0501277,化学院,副教授,本科毕业于哈佛大学，研究生毕业于上海交通大学，博士毕业于武汉大学,论 xxx，xxx faclitate xxx in xxx，基于 xxx 的 xxx，xxx 在 xxx 中的应用，xxx 应用刍议，基于 xxx 的 xxx，浅析 xxx，,
278,0001278,计算机学院,副教授,本科毕业于苏州大学，研究生毕业于卡内基-梅隆大学，博士毕业于哈佛大学,xxx 在 xxx 中的应用，xxx 在 xxx 中起到了重大作用，xxx improves xxx when xxx is on，xxx 在 xxx 中起到了重大作用，xxx faclitate xxx in xxx，xxx 刍议，xxx faclitate xxx in xxx，xxx 应用刍议，,
279,0101279,教育学院,讲师,本科毕业于华中师范大学，研究生毕业于北京航空航天大学，博士毕业于同济大学,xxx faclitate xxx in xxx，xxx improves xxx when xxx is on，基于 xxx 的 xxx，论 xxx，xxx 在 xxx 中的应用，,
280,0201280,文学院,副教授,本科毕业于斯坦福大学，研究生毕业于加州大学圣迭戈分校，博士毕业于北京大学,xxx improves xxx when xxx is on，浅析 xxx，xxx 在 xxx 中的应用，xxx 在 xxx 中起到了重大作用，xxx 应用刍议，,
281,0301281,数学学院,教授,本科毕业于哈佛大学，研究生毕业于华南师范大学，博士毕业于南京大学,xxx 应用刍议，xxx 应用刍议，基于 xxx 的 xxx，xxx improves xxx when xxx is on，xxx 在 xxx 中起到了重大作用，xxx 刍议，,
282,0401282,物理学院,教授,本科毕业于南京大学，研究生毕业于德州农工大学，博士毕业于牛津大学,xxx 刍议，xxx 在 xxx 中起到了重大作用，浅析 xxx，浅析 xxx，基于 xxx 的 xxx，论 xxx，论 xxx，xxx faclitate xxx in xxx，xxx 应用刍议，,
283,0501283,化学院,讲师,本科毕业于牛津大学，研究生毕业于苏州大学，博士毕业于哈佛大学,论 xxx，浅析 xxx，xxx faclitate xxx in xxx，xxx faclitate xxx in xxx，xxx faclitate xxx in xxx，xxx faclitate xxx in xxx，基于 xxx 的 xxx，浅析 xxx，论 xxx，,
284,0001284,计算机学院,副教授,本科毕业于东南大学，研究生毕业于华中科技大学，博士毕业于北京航空航天大学,xxx 应用刍议，xxx 在 xxx 中的应用，xxx improves xxx when xxx is on，xxx faclitate xxx in xxx，xxx improves xxx when xxx is on，论 xxx，xxx 在 xxx 中的应用，论 xxx，xxx 在 xxx 中起到了重大作用，论 xxx，,
285,0101285,教育学院,讲师,本科毕业于武汉大学，研究生毕业于清华大学，博士毕业于明尼苏达州立大学,xxx 应用刍议，xxx 应用刍议，xxx 应用刍议，基于 xxx 的 xxx，xxx faclitate xxx in xxx，,
286,0201286,文学院,教授,本科毕业于剑桥大学，研究生毕业于清华大学，博士毕业于北京理工大学,xxx 在 xxx 中的应用，浅析 xxx，xxx 刍议，xxx 应用刍议，浅析 xxx，xxx 在 xxx 中起到了重大作用，xxx 在 xxx 中的应用，基于 xxx 的 xxx，,
287,0301287,数学学院,教授,本科毕业于中国人民大学，研究生毕业于南京大学，博士毕业于北京大学,xxx 在 xxx 中的应用，论 xxx，xxx 在 xxx 中的应用，xxx faclitate xxx in xxx，xxx faclitate xxx in xxx，xxx faclitate xxx in xxx，xxx 刍议，xxx faclitate xxx in xxx，,
288,0401288,物理学院,教授,本科毕业于剑桥大学，研究生毕业于剑桥大学，博士毕业于复旦大学,xxx improves xxx when xxx is on，xxx 在 xxx 中的应用，xxx 在 xxx 中的应用，xxx faclitate xxx in xxx，xxx 刍议，基于 xxx 的 xxx，xxx improves xxx when xxx is on，基于 xxx 的 xxx，xxx 在 xxx 中的应用，,
289,0501289,化学院,教授,本科毕业于北京大学，研究生毕业于北京师范大学，博士毕业于华南师范大学,浅析 xxx，xxx improves xxx when xxx is on，xxx 刍议，xxx faclitate xxx in xxx，xxx 在 xxx 中起到了重大作用，xxx 在 xxx 中的应用，xxx 应用刍议，xxx improves xxx when xxx is on，论 xxx，,
290,0001290,计算机学院,副教授,本科毕业于中国人民大学，研究生毕业于中国人民大学，博士毕业于加州大学圣迭戈分校,xxx 在 xxx 中起到了重大作用，xxx improves xxx when xxx is on，xxx 刍议，xxx improves xxx when xxx is on，xxx 应用刍议，xxx faclitate xxx in xxx，xxx faclitate xxx in xxx，浅析 xxx，xxx improves xxx when xxx is on，,
291,0101291,教育学院,教授,本科毕业于加州大学伯克利分校，研究生毕业于加州大学伯克利分校，博士毕业于北京航空航天大学,浅析 xxx，浅析 xxx，浅析 xxx，xxx faclitate xxx in xxx，xxx 刍议，xxx faclitate xxx in xxx，浅析 xxx，xxx 在 xxx 中起到了重大作用，xxx 应用刍议，,
292,0201292,文学院,教授,本科毕业于哈佛大学，研究生毕业于卡内基-梅隆大学，博士毕业于北京化工大学,xxx 在 xxx 中起到了重大作用，xxx 应用刍议，xxx 在 xxx 中起到了重大作用，xxx 在 xxx 中起到了重大作用，xxx improves xxx when xxx is on，xxx 在 xxx 中的应用，,
293,0301293,数学学院,教授,本科毕业于中山大学，研究生毕业于上海交通大学，博士毕业于同济大学,xxx 在 xxx 中的应用，xxx 在 xxx 中的应用，xxx improves xxx when xxx is on，论 xxx，xxx improves xxx when xxx is on，,
294,0401294,物理学院,副教授,本科毕业于纽约大学，研究生毕业于华东师范大学，博士毕业于北京师范大学,浅析 xxx，xxx 刍议，浅析 xxx，基于 xxx 的 xxx，xxx 在 xxx 中起到了重大作用，xxx 刍议，xxx 在 xxx 中起到了重大作用，,
295,0501295,化学院,教授,本科毕业于苏州大学，研究生毕业于复旦大学，博士毕业于北京化工大学,xxx 刍议，浅析 xxx，xxx 应用刍议，基于 xxx 的 xxx，xxx 在 xxx 中起到了重大作用，论 xxx，xxx faclitate xxx in xxx，xxx 刍议，xxx 应用刍议，,
296,0001296,计算机学院,讲师,本科毕业于上海交通大学，研究生毕业于明尼苏达州立大学，博士毕业于武汉大学,xxx 在 xxx 中起到了重大作用，基于 xxx 的 xxx，xxx 在 xxx 中的应用，xxx improves xxx when xxx is on，xxx improves xxx when xxx is on，xxx faclitate xxx in xxx，浅析 xxx，xxx 应用刍议，xxx 刍议，,
297,0101297,教育学院,教授,本科毕业于北京师范大学，研究生毕业于华中科技大学，博士毕业于北京交通大学,xxx improves xxx when xxx is on，论 xxx，xxx 在 xxx 中起到了重大作用，xxx improves xxx when xxx is on，xxx 刍议，基于 xxx 的 xxx，基于 xxx 的 xxx，基于 xxx 的 xxx，,
298,0201298,文学院,讲师,本科毕业于上海交通大学，研究生毕业于明尼苏达州立大学，博士毕业于华南理工大学,xxx 应用刍议，论 xxx，xxx 应用刍议，xxx improves xxx when xxx is on，xxx improves xxx when xxx is on，基于 xxx 的 xxx，xxx 在 xxx 中起到了重大作用，基于 xxx 的 xxx，xxx improves xxx when xxx is on，浅析 xxx，,
299,0301299,数学学院,副教授,本科毕业于北京理工大学，研究生毕业于哈佛大学，博士毕业于北京航空航天大学,xxx 刍议，xxx improves xxx when xxx is on，论 xxx，xxx improves xxx when xxx is on，论 xxx，xxx 刍议，xxx 在 xxx 中的应用，xxx 刍议，xxx 在 xxx 中起到了重大作用，xxx improves xxx when xxx is on，,
300,0401300,物理学院,副教授,本科毕业于明尼苏达州立大学，研究生毕业于南京大学，博士毕业于斯坦福大学,xxx 应用刍议，浅析 xxx，xxx 在 xxx 中的应用，xxx 在 xxx 中起到了重大作用，浅析 xxx，浅析 xxx，xxx 刍议，xxx 在 xxx 中的应用，,
301,0501301,化学院,副教授,本科毕业于南京大学，研究生毕业于中山大学，博士毕业于北京交通大学,xxx 在 xxx 中的应用，xxx improves xxx when xxx is on，xxx 刍议，xxx 在 xxx 中起到了重大作用，xxx 在 xxx 中起到了重大作用，基于 xxx 的 xxx，论 xxx，,
302,0001302,计算机学院,讲师,本科毕业于牛津大学，研究生毕业于加州大学伯克利分校，博士毕业于华南师范大学,xxx 在 xxx 中起到了重大作用，论 xxx，xxx 应用刍议，xxx 在 xxx 中起到了重大作用，浅析 xxx，,
303,0101303,教育学院,讲师,本科毕业于华中师范大学，研究生毕业于北京大学，博士毕业于卡内基-梅隆大学,论 xxx，论 xxx，xxx 刍议，xxx 应用刍议，xxx 在 xxx 中起到了重大作用，xxx 刍议，,
304,0201304,文学院,讲师,本科毕业于中山大学，研究生毕业于北京大学，博士毕业于卡内基-梅隆大学,xxx faclitate xxx in xxx，浅析 xxx，xxx improves xxx when xxx is on，xxx 刍议，xxx 刍议，论 xxx，xxx 在 xxx 中起到了重大作用，,
305,0301305,数学学院,讲师,本科毕业于明尼苏达州立大学，研究生毕业于北京理工大学，博士毕业于苏州大学,xxx 刍议，xxx 在 xxx 中起到了重大作用，xxx 在 xxx 中的应用，xxx faclitate xxx in xxx，xxx 应用刍议，,
306,0401306,物理学院,讲师,本科毕业于华中师范大学，研究生毕业于中国人民大学，博士毕业于卡内基-梅隆大学,浅析 xxx，xxx 刍议，浅析 xxx，xxx 在 xxx 中起到了重大作用，xxx improves xxx when xxx is on，xxx 应用刍议，,
307,0501307,化学院,讲师,本科毕业于北京航空航天大学，研究生毕业于北京航空航天大学，博士毕业于苏州大学,xxx improves xxx when xxx is on，xxx faclitate xxx in xxx，xxx 在 xxx 中起到了重大作用，xxx improves xxx when xxx is on，浅析 xxx，xxx faclitate xxx in xxx，,
308,0001308,计算机学院,副教授,本科毕业于华南师范大学，研究生毕业于北京化工大学，博士毕业于中国人民大学,xxx improves xxx when xxx is on，xxx improves xxx when xxx is on，论 xxx，xxx improves xxx when xxx is on，论 xxx，xxx 在 xxx 中起到了重大作用，,
309,0101309,教育学院,讲师,本科毕业于北京化工大学，研究生毕业于华东师范大学，博士毕业于清华大学,基于 xxx 的 xxx，浅析 xxx，浅析 xxx，xxx 在 xxx 中的应用，xxx 刍议，xxx 在 xxx 中起到了重大作用，xxx 在 xxx 中的应用，,
310,0201310,文学院,讲师,本科毕业于北京大学，研究生毕业于华中科技大学，博士毕业于明尼苏达州立大学,论 xxx，xxx 刍议，xxx 在 xxx 中起到了重大作用，论 xxx，xxx faclitate xxx in xxx，xxx faclitate xxx in xxx，xxx 在 xxx 中的应用，,
311,0301311,数学学院,教授,本科毕业于加州大学伯克利分校，研究生毕业于复旦大学，博士毕业于武汉大学,xxx 在 xxx 中起到了重大作用，xxx improves xxx when xxx is on，xxx 在 xxx 中的应用，xxx 在 xxx 中的应用，浅析 xxx，xxx 在 xxx 中起到了重大作用，,
312,0401312,物理学院,讲师,本科毕业于卡内基-梅隆大学，研究生毕业于纽约大学，博士毕业于苏州大学,基于 xxx 的 xxx，xxx 在 xxx 中的应用，浅析 xxx，论 xxx，论 xxx，xxx 在 xxx 中起到了重大作用，xxx 刍议，xxx 刍议，xxx 刍议，,
313,0501313,化学院,讲师,本科毕业于华中科技大学，研究生毕业于清华大学，博士毕业于中国人民大学,xxx 在 xxx 中的应用，xxx 在 xxx 中的应用，论 xxx，xxx 在 xxx 中的应用，xxx faclitate xxx in xxx，xxx faclitate xxx in xxx，xxx 刍议，论 xxx，论 xxx，xxx 在 xxx 中的应用，,
314,0001314,计算机学院,副教授,本科毕业于华中师范大学，研究生毕业于北京大学，博士毕业于哈佛大学,xxx improves xxx when xxx is on，xxx 刍议，xxx improves xxx when xxx is on，论 xxx，论 xxx，,
315,0101315,教育学院,教授,本科毕业于卡内基-梅隆大学，研究生毕业于华南理工大学，博士毕业于华中师范大学,浅析 xxx，xxx 在 xxx 中的应用，浅析 xxx，xxx improves xxx when xxx is on，xxx 在 xxx 中的应用，论 xxx，浅析 xxx，,
316,0201316,文学院,教授,本科毕业于加州大学圣迭戈分校，研究生毕业于北京交通大学，博士毕业于中国人民大学,xxx 刍议，xxx 刍议，xxx 应用刍议，xxx 应用刍议，浅析 xxx，xxx faclitate xxx in xxx，xxx 在 xxx 中起到了重大作用，xxx 在 xxx 中起到了重大作用，,
317,0301317,数学学院,讲师,本科毕业于华东师范大学，研究生毕业于清华大学，博士毕业于牛津大学,xxx improves xxx when xxx is on，xxx 刍议，xxx faclitate xxx in xxx，基于 xxx 的 xxx，基于 xxx 的 xxx，xxx 刍议，,
318,0401318,物理学院,教授,本科毕业于苏州大学，研究生毕业于中国人民大学，博士毕业于复旦大学,基于 xxx 的 xxx，xxx 在 xxx 中起到了重大作用，xxx faclitate xxx in xxx，xxx 在 xxx 中起到了重大作用，浅析 xxx，浅析 xxx，xxx 在 xxx 中起到了重大作用，,
319,0501319,化学院,副教授,本科毕业于北京师范大学，研究生毕业于苏州大学，博士毕业于北京师范大学,xxx improves xxx when xxx is on，xxx 在 xxx 中起到了重大作用，论 xxx，xxx 在 xxx 中的应用，论 xxx，xxx 在 xxx 中起到了重大作用，浅析 xxx，,
320,0001320,计算机学院,教授,本科毕业于华南理工大学，研究生毕业于苏州大学，博士毕业于斯坦福大学,xxx improves xxx when xxx is on，xxx 在 xxx 中起到了重大作用，基于 xxx 的 xxx，xxx 刍议，xxx improves xxx when xxx is on，基于 xxx 的 xxx，论 xxx，xxx 在 xxx 中的应用，,
321,0101321,教育学院,讲师,本科毕业于加州大学圣迭戈分校，研究生毕业于明尼苏达州立大学，博士毕业于北京师范大学,论 xxx，论 xxx，论 xxx，xxx 在 xxx 中起到了重大作用，xxx 在 xxx 中的应用，xxx 在 xxx 中的应用，xxx 应用刍议，xxx 应用刍议，基于 xxx 的 xxx，浅析 xxx，,
322,0201322,文学院,教授,本科毕业于北京大学，研究生毕业于南京大学，博士毕业于中国人民大学,浅析 xxx，xxx 刍议，xxx 在 xxx 中起到了重大作用，xxx 在 xxx 中起到了重大作用，论 xxx，xxx 刍议，,
323,0301323,数学学院,教授,本科毕业于加州大学伯克利分校，研究生毕业于同济大学，博士毕业于加州大学圣迭戈分校,xxx faclitate xxx in xxx，基于 xxx 的 xxx，xxx 在 xxx 中的应用，基于 xxx 的 xxx，浅析 xxx，浅析 xxx，xxx improves xxx when xxx is on，xxx 应用刍议，xxx 在 xxx 中起到了重大作用，xxx 在 xxx 中起到了重大作用，,
324,0401324,物理学院,讲师,本科毕业于东南大学，研究生毕业于中山大学，博士毕业于华东师范大学,xxx 在 xxx 中起到了重大作用，xxx 应用刍议，xxx 在 xxx 中起到了重大作用，xxx 应用刍议，论 xxx，xxx 在 xxx 中的应用，xxx faclitate xxx in xxx，论 xxx，xxx 刍议，xxx 在 xxx 中起到了重大作用，,
325,0501325,化学院,教授,本科毕业于剑桥大学，研究生毕业于北京理工大学，博士毕业于清华大学,浅析 xxx，xxx faclitate xxx in xxx，基于 xxx 的 xxx，xxx 在 xxx 中的应用，xxx 刍议，xxx 在 xxx 中起到了重大作用，,
326,0001326,计算机学院,讲师,本科毕业于同济大学，研究生毕业于武汉大学，博士毕业于华中科技大学,xxx 刍议，基于 xxx 的 xxx，浅析 xxx，xxx improves xxx when xxx is on，论 xxx，xxx faclitate xxx in xxx，,
327,0101327,教育学院,教授,本科毕业于武汉大学，研究生毕业于清华大学，博士毕业于北京师范大学,xxx faclitate xxx in xxx，xxx 在 xxx 中起到了重大作用，xxx 应用刍议，xxx 应用刍议，基于 xxx 的 xxx，浅析 xxx，xxx 在 xxx 中的应用，,
328,0201328,文学院,讲师,本科毕业于同济大学，研究生毕业于复旦大学，博士毕业于华南理工大学,xxx 在 xxx 中起到了重大作用，xxx faclitate xxx in xxx，xxx 在 xxx 中起到了重大作用，浅析 xxx，xxx faclitate xxx in xxx，xxx 刍议，xxx 刍议，浅析 xxx，xxx 在 xxx 中起到了重大作用，xxx 刍议，,
329,0301329,数学学院,教授,本科毕业于清华大学，研究生毕业于东南大学，博士毕业于华南理工大学,xxx faclitate xxx in xxx，xxx faclitate xxx in xxx，xxx 应用刍议，论 xxx，xxx 在 xxx 中起到了重大作用，xxx 在 xxx 中的应用，xxx improves xxx when xxx is on，xxx 在 xxx 中的应用，xxx faclitate xxx in xxx，,
330,0401330,物理学院,教授,本科毕业于武汉大学，研究生毕业于中山大学，博士毕业于中国人民大学,xxx 刍议，xxx faclitate xxx in xxx，xxx 应用刍议，论 xxx，论 xxx，,
331,0501331,化学院,教授,本科毕业于加州大学圣迭戈分校，研究生毕业于清华大学，博士毕业于中山大学,xxx 刍议，xxx improves xxx when xxx is on，基于 xxx 的 xxx，xxx 在 xxx 中起到了重大作用，xxx 在 xxx 中起到了重大作用，xxx faclitate xxx in xxx，论 xxx，,
332,0001332,计算机学院,副教授,本科毕业于明尼苏达州立大学，研究生毕业于苏州大学，博士毕业于北京交通大学,浅析 xxx，xxx improves xxx when xxx is on，xxx 刍议，xxx 刍议，xxx improves xxx when xxx is on，xxx 应用刍议，xxx 应用刍议，论 xxx，,
333,0101333,教育学院,教授,本科毕业于华中科技大学，研究生毕业于北京大学，博士毕业于华中科技大学,论 xxx，xxx improves xxx when xxx is on，基于 xxx 的 xxx，xxx 在 xxx 中的应用，浅析 xxx，xxx 在 xxx 中起到了重大作用，xxx faclitate xxx in xxx，xxx improves xxx when xxx is on，,
334,0201334,文学院,讲师,本科毕业于清华大学，研究生毕业于华中科技大学，博士毕业于东南大学,xxx improves xxx when xxx is on，xxx 在 xxx 中的应用，xxx faclitate xxx in xxx，xxx improves xxx when xxx is on，xxx faclitate xxx in xxx，论 xxx，xxx 刍议，xxx 在 xxx 中起到了重大作用，论 xxx，,
335,0301335,数学学院,副教授,本科毕业于中国人民大学，研究生毕业于同济大学，博士毕业于复旦大学,xxx 在 xxx 中起到了重大作用，xxx 在 xxx 中的应用，浅析 xxx，论 xxx，基于 xxx 的 xxx，论 xxx，xxx 在 xxx 中的应用，xxx 在 xxx 中起到了重大作用，xxx 刍议，,
336,0401336,物理学院,副教授,本科毕业于苏州大学，研究生毕业于北京师范大学，博士毕业于清华大学,xxx faclitate xxx in xxx，xxx 刍议，论 xxx，xxx 在 xxx 中起到了重大作用，浅析 xxx，基于 xxx 的 xxx，xxx 在 xxx 中起到了重大作用，xxx faclitate xxx in xxx，基于 xxx 的 xxx，xxx 在 xxx 中的应用，,
337,0501337,化学院,副教授,本科毕业于剑桥大学，研究生毕业于中国人民大学，博士毕业于加州大学圣迭戈分校,xxx 刍议，xxx 应用刍议，xxx 在 xxx 中起到了重大作用，论 xxx，xxx 在 xxx 中的应用，xxx 在 xxx 中的应用，浅析 xxx，,
338,0001338,计算机学院,教授,本科毕业于清华大学，研究生毕业于哈佛大学，博士毕业于纽约大学,xxx improves xxx when xxx is on，xxx faclitate xxx in xxx，浅析 xxx，xxx faclitate xxx in xxx，xxx faclitate xxx in xxx，,
339,0101339,教育学院,讲师,本科毕业于复旦大学，研究生毕业于北京航空航天大学，博士毕业于华南师范大学,xxx 应用刍议，xxx improves xxx when xxx is on，xxx 刍议，xxx improves xxx when xxx is on，xxx 在 xxx 中起到了重大作用，xxx 应用刍议，xxx improves xxx when xxx is on，xxx faclitate xxx in xxx，,
340,0201340,文学院,讲师,本科毕业于北京师范大学，研究生毕业于武汉大学，博士毕业于北京理工大学,浅析 xxx，xxx 在 xxx 中的应用，论 xxx，xxx faclitate xxx in xxx，基于 xxx 的 xxx，xxx improves xxx when xxx is on，xxx 在 xxx 中起到了重大作用，xxx 在 xxx 中起到了重大作用，论 xxx，基于 xxx 的 xxx，,
341,0301341,数学学院,教授,本科毕业于同济大学，研究生毕业于牛津大学，博士毕业于北京化工大学,xxx 在 xxx 中起到了重大作用，论 xxx，论 xxx，浅析 xxx，论 xxx，,
342,0401342,物理学院,副教授,本科毕业于华南师范大学，研究生毕业于武汉大学，博士毕业于复旦大学,xxx improves xxx when xxx is on，浅析 xxx，xxx 应用刍议，xxx faclitate xxx in xxx，xxx 在 xxx 中起到了重大作用，浅析 xxx，xxx 在 xxx 中的应用，论 xxx，浅析 xxx，,
343,0501343,化学院,教授,本科毕业于德州农工大学，研究生毕业于南京大学，博士毕业于北京化工大学,浅析 xxx，xxx 刍议，xxx 在 xxx 中的应用，xxx faclitate xxx in xxx，xxx 应用刍议，xxx 应用刍议，xxx 在 xxx 中的应用，基于 xxx 的 xxx，xxx 在 xxx 中起到了重大作用，,
344,0001344,计算机学院,教授,本科毕业于卡内基-梅隆大学，研究生毕业于牛津大学，博士毕业于清华大学,xxx faclitate xxx in xxx，xxx 在 xxx 中起到了重大作用，xxx improves xxx when xxx is on，论 xxx，xxx 在 xxx 中的应用，xxx faclitate xxx in xxx，浅析 xxx，,
345,0101345,教育学院,副教授,本科毕业于北京师范大学，研究生毕业于上海交通大学，博士毕业于华中科技大学,xxx 在 xxx 中的应用，xxx improves xxx when xxx is on，xxx 在 xxx 中的应用，基于 xxx 的 xxx，xxx improves xxx when xxx is on，xxx 刍议，,
346,0201346,文学院,教授,本科毕业于复旦大学，研究生毕业于北京师范大学，博士毕业于苏州大学,xxx 在 xxx 中起到了重大作用，xxx 刍议，xxx 应用刍议，xxx faclitate xxx in xxx，xxx 在 xxx 中的应用，,
347,0301347,数学学院,副教授,本科毕业于清华大学，研究生毕业于北京交通大学，博士毕业于纽约大学,基于 xxx 的 xxx，xxx 在 xxx 中起到了重大作用，基于 xxx 的 xxx，xxx 刍议，基于 xxx 的 xxx，xxx 在 xxx 中起到了重大作用，xxx 在 xxx 中的应用，浅析 xxx，xxx 应用刍议，,
348,0401348,物理学院,讲师,本科毕业于北京大学，研究生毕业于北京理工大学，博士毕业于纽约大学,xxx improves xxx when xxx is on，xxx improves xxx when xxx is on，论 xxx，xxx 在 xxx 中起到了重大作用，xxx improves xxx when xxx is on，论 xxx，xxx faclitate xxx in xxx，xxx 刍议，xxx 应用刍议，,
349,0501349,化学院,副教授,本科毕业于牛津大学，研究生毕业于北京化工大学，博士毕业于国防科技大学,论 xxx，浅析 xxx，xxx improves xxx when xxx is on，xxx 刍议，浅析 xxx，xxx 在 xxx 中的应用，xxx 在 xxx 中起到了重大作用，论 xxx，,
350,0001350,计算机学院,讲师,本科毕业于北京化工大学，研究生毕业于纽约大学，博士毕业于华东师范大学,基于 xxx 的 xxx，xxx improves xxx when xxx is on，xxx 在 xxx 中起到了重大作用，浅析 xxx，xxx 刍议，基于 xxx 的 xxx，xxx 在 xxx 中的应用，,
351,0101351,教育学院,副教授,本科毕业于同济大学，研究生毕业于华南师范大学，博士毕业于明尼苏达州立大学,论 xxx，xxx faclitate xxx in xxx，xxx improves xxx when xxx is on，xxx 刍议，xxx 应用刍议，基于 xxx 的 xxx，xxx 应用刍议，浅析 xxx，,
352,0201352,文学院,讲师,本科毕业于华中师范大学，研究生毕业于牛津大学，博士毕业于武汉大学,xxx 在 xxx 中起到了重大作用，xxx improves xxx when xxx is on，xxx 在 xxx 中的应用，xxx 在 xxx 中的应用，xxx faclitate xxx in xxx，论 xxx，xxx faclitate xxx in xxx，,
353,0301353,数学学院,副教授,本科毕业于卡内基-梅隆大学，研究生毕业于华南师范大学，博士毕业于明尼苏达州立大学,xxx 刍议，论 xxx，xxx 应用刍议，xxx 在 xxx 中起到了重大作用，浅析 xxx，xxx 刍议，浅析 xxx，,
354,0401354,物理学院,副教授,本科毕业于哈佛大学，研究生毕业于苏州大学，博士毕业于华南师范大学,xxx 刍议，论 xxx，xxx 应用刍议，xxx 在 xxx 中的应用，论 xxx，xxx faclitate xxx in xxx，xxx faclitate xxx in xxx，基于 xxx 的 xxx，xxx 应用刍议，xxx improves xxx when xxx is on，,
355,0501355,化学院,讲师,本科毕业于牛津大学，研究生毕业于北京大学，博士毕业于华南师范大学,论 xxx，xxx 应用刍议，xxx improves xxx when xxx is on，基于 xxx 的 xxx，xxx 在 xxx 中起到了重大作用，论 xxx，基于 xxx 的 xxx，,
356,0001356,计算机学院,教授,本科毕业于北京化工大学，研究生毕业于北京理工大学，博士毕业于东南大学,xxx improves xxx when xxx is on，基于 xxx 的 xxx，论 xxx，xxx faclitate xxx in xxx，xxx improves xxx when xxx is on，,
357,0101357,教育学院,讲师,本科毕业于华中科技大学，研究生毕业于明尼苏达州立大学，博士毕业于北京理工大学,论 xxx，xxx 应用刍议，基于 xxx 的 xxx，浅析 xxx，xxx 在 xxx 中起到了重大作用，浅析 xxx，论 xxx，xxx 刍议，,
358,0201358,文学院,副教授,本科毕业于华南理工大学，研究生毕业于上海交通大学，博士毕业于中山大学,xxx improves xxx when xxx is on，基于 xxx 的 xxx，论 xxx，xxx faclitate xxx in xxx，xxx 在 xxx 中的应用，,
359,0301359,数学学院,讲师,本科毕业于北京师范大学，研究生毕业于哈佛大学，博士毕业于加州大学伯克利分校,xxx faclitate xxx in xxx，xxx faclitate xxx in xxx，xxx improves xxx when xxx is on，xxx 应用刍议，xxx faclitate xxx in xxx，xxx faclitate xxx in xxx，xxx 应用刍议，浅析 xxx，xxx improves xxx when xxx is on，浅析 xxx，,
360,0401360,物理学院,讲师,本科毕业于武汉大学，研究生毕业于华中科技大学，博士毕业于北京化工大学,浅析 xxx，xxx 应用刍议，xxx 刍议，xxx faclitate xxx in xxx，xxx improves xxx when xxx is on，浅析 xxx，xxx 在 xxx 中的应用，浅析 xxx，,
361,0501361,化学院,教授,本科毕业于加州大学圣迭戈分校，研究生毕业于同济大学，博士毕业于北京航空航天大学,xxx 应用刍议，浅析 xxx，xxx 在 xxx 中起到了重大作用，xxx improves xxx when xxx is on，论 xxx，基于 xxx 的 xxx，浅析 xxx，浅析 xxx，浅析 xxx，xxx 在 xxx 中起到了重大作用，,
362,0001362,计算机学院,副教授,本科毕业于中国人民大学，研究生毕业于纽约大学，博士毕业于斯坦福大学,xxx 刍议，论 xxx，xxx 刍议，xxx 在 xxx 中的应用，xxx faclitate xxx in xxx，,
363,0101363,教育学院,教授,本科毕业于武汉大学，研究生毕业于纽约大学，博士毕业于北京师范大学,xxx 在 xxx 中起到了重大作用，xxx improves xxx when xxx is on，xxx improves xxx when xxx is on，xxx 在 xxx 中起到了重大作用，xxx 在 xxx 中起到了重大作用，,
364,0201364,文学院,副教授,本科毕业于北京师范大学，研究生毕业于北京交通大学，博士毕业于苏州大学,xxx faclitate xxx in xxx，xxx 在 xxx 中的应用，xxx 在 xxx 中起到了重大作用，xxx improves xxx when xxx is on，xxx 刍议，xxx 应用刍议，xxx 刍议，xxx 应用刍议，,
365,0301365,数学学院,副教授,本科毕业于华中师范大学，研究生毕业于纽约大学，博士毕业于北京交通大学,论 xxx，xxx 在 xxx 中的应用，xxx 在 xxx 中起到了重大作用，浅析 xxx，xxx 刍议，基于 xxx 的 xxx，xxx 刍议，论 xxx，论 xxx，,
366,0401366,物理学院,讲师,本科毕业于东南大学，研究生毕业于华东师范大学，博士毕业于斯坦福大学,xxx 在 xxx 中的应用，xxx 在 xxx 中的应用，xxx 应用刍议，基于 xxx 的 xxx，xxx 在 xxx 中的应用，浅析 xxx，,
367,0501367,化学院,教授,本科毕业于北京化工大学，研究生毕业于纽约大学，博士毕业于华东师范大学,xxx 刍议，xxx 在 xxx 中起到了重大作用，xxx 刍议，浅析 xxx，xxx improves xxx when xxx is on，xxx improves xxx when xxx is on，基于 xxx 的 xxx，xxx 在 xxx 中的应用，,
368,0001368,计算机学院,讲师,本科毕业于国防科技大学，研究生毕业于卡内基-梅隆大学，博士毕业于东南大学,xxx faclitate xxx in xxx，浅析 xxx，xxx 刍议，xxx 应用刍议，xxx 在 xxx 中起到了重大作用，xxx 应用刍议，xxx 应用刍议，xxx 刍议，,
369,0101369,教育学院,副教授,本科毕业于德州农工大学，研究生毕业于同济大学，博士毕业于国防科技大学,xxx 应用刍议，xxx 应用刍议，xxx improves xxx when xxx is on，xxx improves xxx when xxx is on，xxx 在 xxx 中起到了重大作用，,
370,0201370,文学院,讲师,本科毕业于华中科技大学，研究生毕业于北京大学，博士毕业于华中科技大学,基于 xxx 的 xxx，xxx 应用刍议，论 xxx，xxx 应用刍议，论 xxx，浅析 xxx，,
371,0301371,数学学院,教授,本科毕业于华中师范大学，研究生毕业于北京理工大学，博士毕业于加州大学伯克利分校,xxx faclitate xxx in xxx，xxx 应用刍议，xxx 在 xxx 中起到了重大作用，基于 xxx 的 xxx，xxx 应用刍议，论 xxx，xxx improves xxx when xxx is on，xxx 在 xxx 中起到了重大作用，xxx 应用刍议，,
372,0401372,物理学院,副教授,本科毕业于北京大学，研究生毕业于南京大学，博士毕业于加州大学圣迭戈分校,xxx 应用刍议，xxx faclitate xxx in xxx，论 xxx，xxx 在 xxx 中的应用，xxx 应用刍议，浅析 xxx，,
373,0501373,化学院,讲师,本科毕业于华东师范大学，研究生毕业于斯坦福大学，博士毕业于北京大学,xxx 在 xxx 中的应用，xxx 在 xxx 中的应用，基于 xxx 的 xxx，xxx 应用刍议，xxx 应用刍议，,
374,0001374,计算机学院,讲师,本科毕业于苏州大学，研究生毕业于明尼苏达州立大学，博士毕业于北京交通大学,论 xxx，论 xxx，xxx 在 xxx 中起到了重大作用，xxx 刍议，xxx improves xxx when xxx is on，xxx improves xxx when xxx is on，基于 xxx 的 xxx，xxx 在 xxx 中的应用，,
375,0101375,教育学院,教授,本科毕业于中山大学，研究生毕业于北京化工大学，博士毕业于加州大学伯克利分校,xxx 在 xxx 中的应用，xxx 刍议，浅析 xxx，xxx 刍议，xxx faclitate xxx in xxx，xxx faclitate xxx in xxx，论 xxx，xxx 刍议，xxx faclitate xxx in xxx，,
376,0201376,文学院,教授,本科毕业于加州大学伯克利分校，研究生毕业于同济大学，博士毕业于同济大学,xxx improves xxx when xxx is on，论 xxx，论 xxx，浅析 xxx，xxx 在 xxx 中起到了重大作用，xxx 在 xxx 中的应用，xxx 在 xxx 中起到了重大作用，,
377,0301377,数学学院,教授,本科毕业于华中师范大学，研究生毕业于同济大学，博士毕业于华南师范大学,xxx 应用刍议，基于 xxx 的 xxx，xxx 在 xxx 中起到了重大作用，xxx 应用刍议，xxx improves xxx when xxx is on，,
378,0401378,物理学院,副教授,本科毕业于明尼苏达州立大学，研究生毕业于斯坦福大学，博士毕业于北京航空航天大学,xxx 在 xxx 中的应用，基于 xxx 的 xxx，xxx faclitate xxx in xxx，论 xxx，xxx faclitate xxx in xxx，xxx 在 xxx 中的应用，论 xxx，xxx 刍议，论 xxx，xxx 刍议，,
379,0501379,化学院,副教授,本科毕业于中山大学，研究生毕业于清华大学，博士毕业于北京师范大学,xxx 刍议，论 xxx，xxx 应用刍议，xxx improves xxx when xxx is on，xxx faclitate xxx in xxx，xxx 刍议，,
380,0001380,计算机学院,教授,本科毕业于斯坦福大学，研究生毕业于北京理工大学，博士毕业于同济大学,xxx 刍议，基于 xxx 的 xxx，浅析 xxx，xxx improves xxx when xxx is on，论 xxx，xxx 在 xxx 中起到了重大作用，基于 xxx 的 xxx，基于 xxx 的 xxx，xxx 刍议，xxx faclitate xxx in xxx，,
381,0101381,教育学院,教授,本科毕业于北京化工大学，研究生毕业于华东师范大学，博士毕业于德州农工大学,xxx 刍议，xxx 刍议，基于 xxx 的 xxx，xxx improves xxx when xxx is on，xxx faclitate xxx in xxx，,
382,0201382,文学院,副教授,本科毕业于苏州大学，研究生毕业于斯坦福大学，博士毕业于华南师范大学,xxx 刍议，xxx 在 xxx 中的应用，xxx improves xxx when xxx is on，论 xxx，xxx 刍议，,
383,0301383,数学学院,教授,本科毕业于清华大学，研究生毕业于国防科技大学，博士毕业于牛津大学,xxx 刍议，基于 xxx 的 xxx，xxx 在 xxx 中起到了重大作用，基于 xxx 的 xxx，论 xxx，浅析 xxx，,
384,0401384,物理学院,教授,本科毕业于华中科技大学，研究生毕业于德州农工大学，博士毕业于同济大学,xxx 刍议，浅析 xxx，xxx 在 xxx 中的应用，xxx 在 xxx 中的应用，xxx 在 xxx 中的应用，xxx 应用刍议，基于 xxx 的 xxx，xxx improves xxx when xxx is on，,
385,0501385,化学院,副教授,本科毕业于华中师范大学，研究生毕业于武汉大学，博士毕业于加州大学伯克利分校,xxx 刍议，浅析 xxx，xxx 刍议，浅析 xxx，xxx improves xxx when xxx is on，xxx 在 xxx 中的应用，,
386,0001386,计算机学院,讲师,本科毕业于东南大学，研究生毕业于纽约大学，博士毕业于剑桥大学,论 xxx，浅析 xxx，xxx 应用刍议，xxx 在 xxx 中的应用，xxx improves xxx when xxx is on，,
387,0101387,教育学院,讲师,本科毕业于德州农工大学，研究生毕业于华中科技大学，博士毕业于复旦大学,浅析 xxx，xxx improves xxx when xxx is on，基于 xxx 的 xxx，xxx 在 xxx 中的应用，xxx improves xxx when xxx is on，xxx 刍议，xxx faclitate xxx in xxx，xxx 应用刍议，,
388,0201388,文学院,教授,本科毕业于北京理工大学，研究生毕业于北京交通大学，博士毕业于纽约大学,论 xxx，xxx faclitate xxx in xxx，xxx faclitate xxx in xxx，论 xxx，xxx 刍议，xxx 在 xxx 中的应用，xxx 应用刍议，浅析 xxx，xxx 应用刍议，基于 xxx 的 xxx，,
389,0301389,数学学院,副教授,本科毕业于纽约大学，研究生毕业于东南大学，博士毕业于清华大学,基于 xxx 的 xxx，xxx 刍议，xxx faclitate xxx in xxx，基于 xxx 的 xxx，xxx 刍议，浅析 xxx，论 xxx，xxx improves xxx when xxx is on，论 xxx，xxx 刍议，,
390,0401390,物理学院,讲师,本科毕业于北京理工大学，研究生毕业于北京师范大学，博士毕业于牛津大学,论 xxx，基于 xxx 的 xxx，xxx 在 xxx 中的应用，xxx 在 xxx 中的应用，xxx 应用刍议，,
391,0501391,化学院,教授,本科毕业于清华大学，研究生毕业于华南师范大学，博士毕业于苏州大学,xxx 在 xxx 中起到了重大作用，xxx 应用刍议，xxx 在 xxx 中起到了重大作用，基于 xxx 的 xxx，xxx 刍议，浅析 xxx，xxx 应用刍议，xxx faclitate xxx in xxx，xxx 在 xxx 中的应用，浅析 xxx，,
392,0001392,计算机学院,讲师,本科毕业于斯坦福大学，研究生毕业于加州大学伯克利分校，博士毕业于牛津大学,xxx 在 xxx 中的应用，xxx 刍议，xxx 在 xxx 中起到了重大作用，浅析 xxx，xxx improves xxx when xxx is on，xxx improves xxx when xxx is on，xxx 刍议，xxx faclitate xxx in xxx，xxx 在 xxx 中的应用，xxx 在 xxx 中起到了重大作用，,
393,0101393,教育学院,讲师,本科毕业于纽约大学，研究生毕业于武汉大学，博士毕业于牛津大学,基于 xxx 的 xxx，xxx 刍议，xxx 在 xxx 中的应用，xxx 刍议，基于 xxx 的 xxx，,
394,0201394,文学院,教授,本科毕业于北京化工大学，研究生毕业于华中科技大学，博士毕业于东南大学,xxx improves xxx when xxx is on，xxx improves xxx when xxx is on，浅析 xxx，xxx faclitate xxx in xxx，xxx improves xxx when xxx is on，,
395,0301395,数学学院,副教授,本科毕业于国防科技大学，研究生毕业于北京交通大学，博士毕业于上海交通大学,论 xxx，xxx 在 xxx 中的应用，基于 xxx 的 xxx，论 xxx，xxx 刍议，xxx 刍议，xxx faclitate xxx in xxx，基于 xxx 的 xxx，,
396,0401396,物理学院,讲师,本科毕业于加州大学伯克利分校，研究生毕业于中国人民大学，博士毕业于加州大学圣迭戈分校,xxx 在 xxx 中起到了重大作用，xxx improves xxx when xxx is on，xxx improves xxx when xxx is on，浅析 xxx，xxx 在 xxx 中起到了重大作用，xxx 应用刍议，基于 xxx 的 xxx，浅析 xxx，,
397,0501397,化学院,讲师,本科毕业于北京航空航天大学，研究生毕业于华南理工大学，博士毕业于华东师范大学,浅析 xxx，xxx 在 xxx 中的应用，xxx 刍议，xxx 在 xxx 中起到了重大作用，论 xxx，xxx improves xxx when xxx is on，,
398,0001398,计算机学院,教授,本科毕业于国防科技大学，研究生毕业于哈佛大学，博士毕业于华中师范大学,xxx 在 xxx 中的应用，xxx 刍议，xxx 在 xxx 中起到了重大作用，xxx 应用刍议，论 xxx，xxx 应用刍议，xxx improves xxx when xxx is on，,
399,0101399,教育学院,教授,本科毕业于中山大学，研究生毕业于牛津大学，博士毕业于北京师范大学,xxx improves xxx when xxx is on，浅析 xxx，基于 xxx 的 xxx，xxx 在 xxx 中的应用，xxx 刍议，,
